Workbook

Sheet Summary Comparison

Sheet Budget Summary
B1: Budget | C1: Budget | D1: Budget | E1: Budget | F1: Budget | G1: Budget | H1: Budget | I1: Budget | J1: Budget | K1: Budget | L1: Budget | M1: Budget | O1: Budget | P1: Budget | Q1: Budget | R1: Budget | T1: Budget
A2: Spending | B2: Q1 | C2: Q1 | D2: Q1 | E2: Q2 | F2: Q2 | G2: Q2 | H2: Q3 | I2: Q3 | J2: Q3 | K2: Q4 | L2: Q4 | M2: Q4
A3: marketing_channel | B3: 2026-01 | C3: 2026-02 | D3: 2026-03 | E3: 2026-04 | F3: 2026-05 | G3: 2026-06 | H3: 2026-07 | I3: 2026-08 | J3: 2026-09 | K3: 2026-10 | L3: 2026-11 | M3: 2026-12 | O3: Q1 | P3: Q2 | Q3: Q3 | R3: Q4 | T3: FY26
A4: Paid Search | B4: =SUMIFS(Budget_marketing_pipeline!$J:$J,Budget_marketing_pipeline!$D:$D,'Budget Summary'!$A4,Budget_marketing_pipeline!$C:$C,'Budget Summary'!B$3) -> 119854.26 | C4: =SUMIFS(Budget_marketing_pipeline!$J:$J,Budget_marketing_pipeline!$D:$D,'Budget Summary'!$A4,Budget_marketing_pipeline!$C:$C,'Budget Summary'!C$3) -> 225376.12 | D4: =SUMIFS(Budget_marketing_pipeline!$J:$J,Budget_marketing_pipeline!$D:$D,'Budget Summary'!$A4,Budget_marketing_pipeline!$C:$C,'Budget Summary'!D$3) -> 147063.74 | E4: =SUMIFS(Budget_marketing_pipeline!$J:$J,Budget_marketing_pipeline!$D:$D,'Budget Summary'!$A4,Budget_marketing_pipeline!$C:$C,'Budget Summary'!E$3) -> 313308.47 | F4: =SUMIFS(Budget_marketing_pipeline!$J:$J,Budget_marketing_pipeline!$D:$D,'Budget Summary'!$A4,Budget_marketing_pipeline!$C:$C,'Budget Summary'!F$3) -> 175679.04 | G4: =SUMIFS(Budget_marketing_pipeline!$J:$J,Budget_marketing_pipeline!$D:$D,'Budget Summary'!$A4,Budget_marketing_pipeline!$C:$C,'Budget Summary'!G$3) -> 252801.57 | H4: =SUMIFS(Budget_marketing_pipeline!$J:$J,Budget_marketing_pipeline!$D:$D,'Budget Summary'!$A4,Budget_marketing_pipeline!$C:$C,'Budget Summary'!H$3) -> 110408.61 | I4: =SUMIFS(Budget_marketing_pipeline!$J:$J,Budget_marketing_pipeline!$D:$D,'Budget Summary'!$A4,Budget_marketing_pipeline!$C:$C,'Budget Summary'!I$3) -> 262671.51 | ... M4: =SUMIFS(Budget_marketing_pipeline!$J:$J,Budget_marketing_pipeline!$D:$D,'Budget Summary'!$A4,Budget_marketing_pipeline!$C:$C,'Budget Summary'!M$3) -> 149056.22 | O4: =SUMIFS($B4:$M4,$B$2:$M$2,O$3) -> 492294.12 | P4: =SUMIFS($B4:$M4,$B$2:$M$2,P$3) -> 741789.08 | Q4: =SUMIFS($B4:$M4,$B$2:$M$2,Q$3) -> 532772.5 | R4: =SUMIFS($B4:$M4,$B$2:$M$2,R$3) -> 338878.9 | T4: =SUM(O4:R4) -> 2105734.6
A5: Paid Social | B5: =SUMIFS(Budget_marketing_pipeline!$J:$J,Budget_marketing_pipeline!$D:$D,'Budget Summary'!$A5,Budget_marketing_pipeline!$C:$C,'Budget Summary'!B$3) -> 153150.62 | C5: =SUMIFS(Budget_marketing_pipeline!$J:$J,Budget_marketing_pipeline!$D:$D,'Budget Summary'!$A5,Budget_marketing_pipeline!$C:$C,'Budget Summary'!C$3) -> 45477.59 | D5: =SUMIFS(Budget_marketing_pipeline!$J:$J,Budget_marketing_pipeline!$D:$D,'Budget Summary'!$A5,Budget_marketing_pipeline!$C:$C,'Budget Summary'!D$3) -> 208865.88 | E5: =SUMIFS(Budget_marketing_pipeline!$J:$J,Budget_marketing_pipeline!$D:$D,'Budget Summary'!$A5,Budget_marketing_pipeline!$C:$C,'Budget Summary'!E$3) -> 265825.9 | F5: =SUMIFS(Budget_marketing_pipeline!$J:$J,Budget_marketing_pipeline!$D:$D,'Budget Summary'!$A5,Budget_marketing_pipeline!$C:$C,'Budget Summary'!F$3) -> 121733.74 | G5: =SUMIFS(Budget_marketing_pipeline!$J:$J,Budget_marketing_pipeline!$D:$D,'Budget Summary'!$A5,Budget_marketing_pipeline!$C:$C,'Budget Summary'!G$3) -> 67656.32 | H5: =SUMIFS(Budget_marketing_pipeline!$J:$J,Budget_marketing_pipeline!$D:$D,'Budget Summary'!$A5,Budget_marketing_pipeline!$C:$C,'Budget Summary'!H$3) -> 174632.31 | I5: =SUMIFS(Budget_marketing_pipeline!$J:$J,Budget_marketing_pipeline!$D:$D,'Budget Summary'!$A5,Budget_marketing_pipeline!$C:$C,'Budget Summary'!I$3) -> 112923.21 | ... M5: =SUMIFS(Budget_marketing_pipeline!$J:$J,Budget_marketing_pipeline!$D:$D,'Budget Summary'!$A5,Budget_marketing_pipeline!$C:$C,'Budget Summary'!M$3) -> 59227.8 | O5: =SUMIFS($B5:$M5,$B$2:$M$2,O$3) -> 407494.09 | P5: =SUMIFS($B5:$M5,$B$2:$M$2,P$3) -> 455215.96 | Q5: =SUMIFS($B5:$M5,$B$2:$M$2,Q$3) -> 355615.33 | R5: =SUMIFS($B5:$M5,$B$2:$M$2,R$3) -> 277038.81 | T5: =SUM(O5:R5) -> 1495364.2
A6: Organic Search | B6: =SUMIFS(Budget_marketing_pipeline!$J:$J,Budget_marketing_pipeline!$D:$D,'Budget Summary'!$A6,Budget_marketing_pipeline!$C:$C,'Budget Summary'!B$3) -> 156837.96 | C6: =SUMIFS(Budget_marketing_pipeline!$J:$J,Budget_marketing_pipeline!$D:$D,'Budget Summary'!$A6,Budget_marketing_pipeline!$C:$C,'Budget Summary'!C$3) -> 218418.4 | D6: =SUMIFS(Budget_marketing_pipeline!$J:$J,Budget_marketing_pipeline!$D:$D,'Budget Summary'!$A6,Budget_marketing_pipeline!$C:$C,'Budget Summary'!D$3) -> 133280.94 | E6: =SUMIFS(Budget_marketing_pipeline!$J:$J,Budget_marketing_pipeline!$D:$D,'Budget Summary'!$A6,Budget_marketing_pipeline!$C:$C,'Budget Summary'!E$3) -> 68355.64 | F6: =SUMIFS(Budget_marketing_pipeline!$J:$J,Budget_marketing_pipeline!$D:$D,'Budget Summary'!$A6,Budget_marketing_pipeline!$C:$C,'Budget Summary'!F$3) -> 136215.07 | G6: =SUMIFS(Budget_marketing_pipeline!$J:$J,Budget_marketing_pipeline!$D:$D,'Budget Summary'!$A6,Budget_marketing_pipeline!$C:$C,'Budget Summary'!G$3) -> 157268.95 | H6: =SUMIFS(Budget_marketing_pipeline!$J:$J,Budget_marketing_pipeline!$D:$D,'Budget Summary'!$A6,Budget_marketing_pipeline!$C:$C,'Budget Summary'!H$3) -> 97209.05 | I6: =SUMIFS(Budget_marketing_pipeline!$J:$J,Budget_marketing_pipeline!$D:$D,'Budget Summary'!$A6,Budget_marketing_pipeline!$C:$C,'Budget Summary'!I$3) -> 93368.45 | ... M6: =SUMIFS(Budget_marketing_pipeline!$J:$J,Budget_marketing_pipeline!$D:$D,'Budget Summary'!$A6,Budget_marketing_pipeline!$C:$C,'Budget Summary'!M$3) -> 139652.43 | O6: =SUMIFS($B6:$M6,$B$2:$M$2,O$3) -> 508537.3 | P6: =SUMIFS($B6:$M6,$B$2:$M$2,P$3) -> 361839.66 | Q6: =SUMIFS($B6:$M6,$B$2:$M$2,Q$3) -> 452651.46 | R6: =SUMIFS($B6:$M6,$B$2:$M$2,R$3) -> 475902.11 | T6: =SUM(O6:R6) -> 1798930.5
A7: Partner | B7: =SUMIFS(Budget_marketing_pipeline!$J:$J,Budget_marketing_pipeline!$D:$D,'Budget Summary'!$A7,Budget_marketing_pipeline!$C:$C,'Budget Summary'!B$3) -> 99640.66 | C7: =SUMIFS(Budget_marketing_pipeline!$J:$J,Budget_marketing_pipeline!$D:$D,'Budget Summary'!$A7,Budget_marketing_pipeline!$C:$C,'Budget Summary'!C$3) -> 328585.82 | D7: =SUMIFS(Budget_marketing_pipeline!$J:$J,Budget_marketing_pipeline!$D:$D,'Budget Summary'!$A7,Budget_marketing_pipeline!$C:$C,'Budget Summary'!D$3) -> 106696.77 | E7: =SUMIFS(Budget_marketing_pipeline!$J:$J,Budget_marketing_pipeline!$D:$D,'Budget Summary'!$A7,Budget_marketing_pipeline!$C:$C,'Budget Summary'!E$3) -> 135354.25 | F7: =SUMIFS(Budget_marketing_pipeline!$J:$J,Budget_marketing_pipeline!$D:$D,'Budget Summary'!$A7,Budget_marketing_pipeline!$C:$C,'Budget Summary'!F$3) -> 71483.13 | G7: =SUMIFS(Budget_marketing_pipeline!$J:$J,Budget_marketing_pipeline!$D:$D,'Budget Summary'!$A7,Budget_marketing_pipeline!$C:$C,'Budget Summary'!G$3) -> 268720.4 | H7: =SUMIFS(Budget_marketing_pipeline!$J:$J,Budget_marketing_pipeline!$D:$D,'Budget Summary'!$A7,Budget_marketing_pipeline!$C:$C,'Budget Summary'!H$3) -> 273851.79 | I7: =SUMIFS(Budget_marketing_pipeline!$J:$J,Budget_marketing_pipeline!$D:$D,'Budget Summary'!$A7,Budget_marketing_pipeline!$C:$C,'Budget Summary'!I$3) -> 190299.52 | ... M7: =SUMIFS(Budget_marketing_pipeline!$J:$J,Budget_marketing_pipeline!$D:$D,'Budget Summary'!$A7,Budget_marketing_pipeline!$C:$C,'Budget Summary'!M$3) -> 135389.08 | O7: =SUMIFS($B7:$M7,$B$2:$M$2,O$3) -> 534923.25 | P7: =SUMIFS($B7:$M7,$B$2:$M$2,P$3) -> 475557.78 | Q7: =SUMIFS($B7:$M7,$B$2:$M$2,Q$3) -> 585970.32 | R7: =SUMIFS($B7:$M7,$B$2:$M$2,R$3) -> 558649.25 | T7: =SUM(O7:R7) -> 2155100.6
A8: Webinar | B8: =SUMIFS(Budget_marketing_pipeline!$J:$J,Budget_marketing_pipeline!$D:$D,'Budget Summary'!$A8,Budget_marketing_pipeline!$C:$C,'Budget Summary'!B$3) -> 23296.59 | C8: =SUMIFS(Budget_marketing_pipeline!$J:$J,Budget_marketing_pipeline!$D:$D,'Budget Summary'!$A8,Budget_marketing_pipeline!$C:$C,'Budget Summary'!C$3) -> 109176.4 | D8: =SUMIFS(Budget_marketing_pipeline!$J:$J,Budget_marketing_pipeline!$D:$D,'Budget Summary'!$A8,Budget_marketing_pipeline!$C:$C,'Budget Summary'!D$3) -> 58808 | E8: =SUMIFS(Budget_marketing_pipeline!$J:$J,Budget_marketing_pipeline!$D:$D,'Budget Summary'!$A8,Budget_marketing_pipeline!$C:$C,'Budget Summary'!E$3) -> 214667.53 | F8: =SUMIFS(Budget_marketing_pipeline!$J:$J,Budget_marketing_pipeline!$D:$D,'Budget Summary'!$A8,Budget_marketing_pipeline!$C:$C,'Budget Summary'!F$3) -> 186604.32 | G8: =SUMIFS(Budget_marketing_pipeline!$J:$J,Budget_marketing_pipeline!$D:$D,'Budget Summary'!$A8,Budget_marketing_pipeline!$C:$C,'Budget Summary'!G$3) -> 50351.47 | H8: =SUMIFS(Budget_marketing_pipeline!$J:$J,Budget_marketing_pipeline!$D:$D,'Budget Summary'!$A8,Budget_marketing_pipeline!$C:$C,'Budget Summary'!H$3) -> 135263.45 | I8: =SUMIFS(Budget_marketing_pipeline!$J:$J,Budget_marketing_pipeline!$D:$D,'Budget Summary'!$A8,Budget_marketing_pipeline!$C:$C,'Budget Summary'!I$3) -> 197031.09 | ... M8: =SUMIFS(Budget_marketing_pipeline!$J:$J,Budget_marketing_pipeline!$D:$D,'Budget Summary'!$A8,Budget_marketing_pipeline!$C:$C,'Budget Summary'!M$3) -> 81476.56 | O8: =SUMIFS($B8:$M8,$B$2:$M$2,O$3) -> 191280.99 | P8: =SUMIFS($B8:$M8,$B$2:$M$2,P$3) -> 451623.32 | Q8: =SUMIFS($B8:$M8,$B$2:$M$2,Q$3) -> 473369.14 | R8: =SUMIFS($B8:$M8,$B$2:$M$2,R$3) -> 259815.23 | T8: =SUM(O8:R8) -> 1376088.7
A9: Field Event | B9: =SUMIFS(Budget_marketing_pipeline!$J:$J,Budget_marketing_pipeline!$D:$D,'Budget Summary'!$A9,Budget_marketing_pipeline!$C:$C,'Budget Summary'!B$3) -> 124159.28 | C9: =SUMIFS(Budget_marketing_pipeline!$J:$J,Budget_marketing_pipeline!$D:$D,'Budget Summary'!$A9,Budget_marketing_pipeline!$C:$C,'Budget Summary'!C$3) -> 165485.13 | D9: =SUMIFS(Budget_marketing_pipeline!$J:$J,Budget_marketing_pipeline!$D:$D,'Budget Summary'!$A9,Budget_marketing_pipeline!$C:$C,'Budget Summary'!D$3) -> 91391.72 | E9: =SUMIFS(Budget_marketing_pipeline!$J:$J,Budget_marketing_pipeline!$D:$D,'Budget Summary'!$A9,Budget_marketing_pipeline!$C:$C,'Budget Summary'!E$3) -> 51779.83 | F9: =SUMIFS(Budget_marketing_pipeline!$J:$J,Budget_marketing_pipeline!$D:$D,'Budget Summary'!$A9,Budget_marketing_pipeline!$C:$C,'Budget Summary'!F$3) -> 279309.21 | G9: =SUMIFS(Budget_marketing_pipeline!$J:$J,Budget_marketing_pipeline!$D:$D,'Budget Summary'!$A9,Budget_marketing_pipeline!$C:$C,'Budget Summary'!G$3) -> 195157.26 | H9: =SUMIFS(Budget_marketing_pipeline!$J:$J,Budget_marketing_pipeline!$D:$D,'Budget Summary'!$A9,Budget_marketing_pipeline!$C:$C,'Budget Summary'!H$3) -> 73668.51 | I9: =SUMIFS(Budget_marketing_pipeline!$J:$J,Budget_marketing_pipeline!$D:$D,'Budget Summary'!$A9,Budget_marketing_pipeline!$C:$C,'Budget Summary'!I$3) -> 175601.2 | ... M9: =SUMIFS(Budget_marketing_pipeline!$J:$J,Budget_marketing_pipeline!$D:$D,'Budget Summary'!$A9,Budget_marketing_pipeline!$C:$C,'Budget Summary'!M$3) -> 72954.4 | O9: =SUMIFS($B9:$M9,$B$2:$M$2,O$3) -> 381036.13 | P9: =SUMIFS($B9:$M9,$B$2:$M$2,P$3) -> 526246.3 | Q9: =SUMIFS($B9:$M9,$B$2:$M$2,Q$3) -> 567476.58 | R9: =SUMIFS($B9:$M9,$B$2:$M$2,R$3) -> 410903.36 | T9: =SUM(O9:R9) -> 1885662.4
A10: Referral | B10: =SUMIFS(Budget_marketing_pipeline!$J:$J,Budget_marketing_pipeline!$D:$D,'Budget Summary'!$A10,Budget_marketing_pipeline!$C:$C,'Budget Summary'!B$3) -> 157604.62 | C10: =SUMIFS(Budget_marketing_pipeline!$J:$J,Budget_marketing_pipeline!$D:$D,'Budget Summary'!$A10,Budget_marketing_pipeline!$C:$C,'Budget Summary'!C$3) -> 153525.13 | D10: =SUMIFS(Budget_marketing_pipeline!$J:$J,Budget_marketing_pipeline!$D:$D,'Budget Summary'!$A10,Budget_marketing_pipeline!$C:$C,'Budget Summary'!D$3) -> 251581.54 | E10: =SUMIFS(Budget_marketing_pipeline!$J:$J,Budget_marketing_pipeline!$D:$D,'Budget Summary'!$A10,Budget_marketing_pipeline!$C:$C,'Budget Summary'!E$3) -> 99946.4 | F10: =SUMIFS(Budget_marketing_pipeline!$J:$J,Budget_marketing_pipeline!$D:$D,'Budget Summary'!$A10,Budget_marketing_pipeline!$C:$C,'Budget Summary'!F$3) -> 215451.19 | G10: =SUMIFS(Budget_marketing_pipeline!$J:$J,Budget_marketing_pipeline!$D:$D,'Budget Summary'!$A10,Budget_marketing_pipeline!$C:$C,'Budget Summary'!G$3) -> 297414.53 | H10: =SUMIFS(Budget_marketing_pipeline!$J:$J,Budget_marketing_pipeline!$D:$D,'Budget Summary'!$A10,Budget_marketing_pipeline!$C:$C,'Budget Summary'!H$3) -> 286237.13 | I10: =SUMIFS(Budget_marketing_pipeline!$J:$J,Budget_marketing_pipeline!$D:$D,'Budget Summary'!$A10,Budget_marketing_pipeline!$C:$C,'Budget Summary'!I$3) -> 82481.99 | ... M10: =SUMIFS(Budget_marketing_pipeline!$J:$J,Budget_marketing_pipeline!$D:$D,'Budget Summary'!$A10,Budget_marketing_pipeline!$C:$C,'Budget Summary'!M$3) -> 267053.02 | O10: =SUMIFS($B10:$M10,$B$2:$M$2,O$3) -> 562711.29 | P10: =SUMIFS($B10:$M10,$B$2:$M$2,P$3) -> 612812.12 | Q10: =SUMIFS($B10:$M10,$B$2:$M$2,Q$3) -> 629386.88 | R10: =SUMIFS($B10:$M10,$B$2:$M$2,R$3) -> 568616.41 | T10: =SUM(O10:R10) -> 2373526.7
A11: Direct | B11: =SUMIFS(Budget_marketing_pipeline!$J:$J,Budget_marketing_pipeline!$D:$D,'Budget Summary'!$A11,Budget_marketing_pipeline!$C:$C,'Budget Summary'!B$3) -> 74267.49 | C11: =SUMIFS(Budget_marketing_pipeline!$J:$J,Budget_marketing_pipeline!$D:$D,'Budget Summary'!$A11,Budget_marketing_pipeline!$C:$C,'Budget Summary'!C$3) -> 97835.91 | D11: =SUMIFS(Budget_marketing_pipeline!$J:$J,Budget_marketing_pipeline!$D:$D,'Budget Summary'!$A11,Budget_marketing_pipeline!$C:$C,'Budget Summary'!D$3) -> 109612.81 | E11: =SUMIFS(Budget_marketing_pipeline!$J:$J,Budget_marketing_pipeline!$D:$D,'Budget Summary'!$A11,Budget_marketing_pipeline!$C:$C,'Budget Summary'!E$3) -> 77863.58 | F11: =SUMIFS(Budget_marketing_pipeline!$J:$J,Budget_marketing_pipeline!$D:$D,'Budget Summary'!$A11,Budget_marketing_pipeline!$C:$C,'Budget Summary'!F$3) -> 242542.44 | G11: =SUMIFS(Budget_marketing_pipeline!$J:$J,Budget_marketing_pipeline!$D:$D,'Budget Summary'!$A11,Budget_marketing_pipeline!$C:$C,'Budget Summary'!G$3) -> 131532.89 | H11: =SUMIFS(Budget_marketing_pipeline!$J:$J,Budget_marketing_pipeline!$D:$D,'Budget Summary'!$A11,Budget_marketing_pipeline!$C:$C,'Budget Summary'!H$3) -> 74148.71 | I11: =SUMIFS(Budget_marketing_pipeline!$J:$J,Budget_marketing_pipeline!$D:$D,'Budget Summary'!$A11,Budget_marketing_pipeline!$C:$C,'Budget Summary'!I$3) -> 203008.51 | ... M11: =SUMIFS(Budget_marketing_pipeline!$J:$J,Budget_marketing_pipeline!$D:$D,'Budget Summary'!$A11,Budget_marketing_pipeline!$C:$C,'Budget Summary'!M$3) -> 113386.66 | O11: =SUMIFS($B11:$M11,$B$2:$M$2,O$3) -> 281716.21 | P11: =SUMIFS($B11:$M11,$B$2:$M$2,P$3) -> 451938.91 | Q11: =SUMIFS($B11:$M11,$B$2:$M$2,Q$3) -> 392898.59 | R11: =SUMIFS($B11:$M11,$B$2:$M$2,R$3) -> 428141.59 | T11: =SUM(O11:R11) -> 1554695.3
A12: Content Syndication | B12: =SUMIFS(Budget_marketing_pipeline!$J:$J,Budget_marketing_pipeline!$D:$D,'Budget Summary'!$A12,Budget_marketing_pipeline!$C:$C,'Budget Summary'!B$3) -> 71910.24 | C12: =SUMIFS(Budget_marketing_pipeline!$J:$J,Budget_marketing_pipeline!$D:$D,'Budget Summary'!$A12,Budget_marketing_pipeline!$C:$C,'Budget Summary'!C$3) -> 136485.64 | D12: =SUMIFS(Budget_marketing_pipeline!$J:$J,Budget_marketing_pipeline!$D:$D,'Budget Summary'!$A12,Budget_marketing_pipeline!$C:$C,'Budget Summary'!D$3) -> 71870.35 | E12: =SUMIFS(Budget_marketing_pipeline!$J:$J,Budget_marketing_pipeline!$D:$D,'Budget Summary'!$A12,Budget_marketing_pipeline!$C:$C,'Budget Summary'!E$3) -> 100912.24 | F12: =SUMIFS(Budget_marketing_pipeline!$J:$J,Budget_marketing_pipeline!$D:$D,'Budget Summary'!$A12,Budget_marketing_pipeline!$C:$C,'Budget Summary'!F$3) -> 94222.59 | G12: =SUMIFS(Budget_marketing_pipeline!$J:$J,Budget_marketing_pipeline!$D:$D,'Budget Summary'!$A12,Budget_marketing_pipeline!$C:$C,'Budget Summary'!G$3) -> 173294.63 | H12: =SUMIFS(Budget_marketing_pipeline!$J:$J,Budget_marketing_pipeline!$D:$D,'Budget Summary'!$A12,Budget_marketing_pipeline!$C:$C,'Budget Summary'!H$3) -> 242621.21 | I12: =SUMIFS(Budget_marketing_pipeline!$J:$J,Budget_marketing_pipeline!$D:$D,'Budget Summary'!$A12,Budget_marketing_pipeline!$C:$C,'Budget Summary'!I$3) -> 136000.33 | ... M12: =SUMIFS(Budget_marketing_pipeline!$J:$J,Budget_marketing_pipeline!$D:$D,'Budget Summary'!$A12,Budget_marketing_pipeline!$C:$C,'Budget Summary'!M$3) -> 235500.65 | O12: =SUMIFS($B12:$M12,$B$2:$M$2,O$3) -> 280266.23 | P12: =SUMIFS($B12:$M12,$B$2:$M$2,P$3) -> 368429.46 | Q12: =SUMIFS($B12:$M12,$B$2:$M$2,Q$3) -> 503306.77 | R12: =SUMIFS($B12:$M12,$B$2:$M$2,R$3) -> 655741.57 | T12: =SUM(O12:R12) -> 1807744
A13: Outbound | B13: =SUMIFS(Budget_marketing_pipeline!$J:$J,Budget_marketing_pipeline!$D:$D,'Budget Summary'!$A13,Budget_marketing_pipeline!$C:$C,'Budget Summary'!B$3) -> 66111.34 | C13: =SUMIFS(Budget_marketing_pipeline!$J:$J,Budget_marketing_pipeline!$D:$D,'Budget Summary'!$A13,Budget_marketing_pipeline!$C:$C,'Budget Summary'!C$3) -> 54991.97 | D13: =SUMIFS(Budget_marketing_pipeline!$J:$J,Budget_marketing_pipeline!$D:$D,'Budget Summary'!$A13,Budget_marketing_pipeline!$C:$C,'Budget Summary'!D$3) -> 271057.86 | E13: =SUMIFS(Budget_marketing_pipeline!$J:$J,Budget_marketing_pipeline!$D:$D,'Budget Summary'!$A13,Budget_marketing_pipeline!$C:$C,'Budget Summary'!E$3) -> 228055.47 | F13: =SUMIFS(Budget_marketing_pipeline!$J:$J,Budget_marketing_pipeline!$D:$D,'Budget Summary'!$A13,Budget_marketing_pipeline!$C:$C,'Budget Summary'!F$3) -> 170604.14 | G13: =SUMIFS(Budget_marketing_pipeline!$J:$J,Budget_marketing_pipeline!$D:$D,'Budget Summary'!$A13,Budget_marketing_pipeline!$C:$C,'Budget Summary'!G$3) -> 209653.88 | H13: =SUMIFS(Budget_marketing_pipeline!$J:$J,Budget_marketing_pipeline!$D:$D,'Budget Summary'!$A13,Budget_marketing_pipeline!$C:$C,'Budget Summary'!H$3) -> 84111.14 | I13: =SUMIFS(Budget_marketing_pipeline!$J:$J,Budget_marketing_pipeline!$D:$D,'Budget Summary'!$A13,Budget_marketing_pipeline!$C:$C,'Budget Summary'!I$3) -> 461546.2 | ... M13: =SUMIFS(Budget_marketing_pipeline!$J:$J,Budget_marketing_pipeline!$D:$D,'Budget Summary'!$A13,Budget_marketing_pipeline!$C:$C,'Budget Summary'!M$3) -> 146392.2 | O13: =SUMIFS($B13:$M13,$B$2:$M$2,O$3) -> 392161.17 | P13: =SUMIFS($B13:$M13,$B$2:$M$2,P$3) -> 608313.49 | Q13: =SUMIFS($B13:$M13,$B$2:$M$2,Q$3) -> 722463.42 | R13: =SUMIFS($B13:$M13,$B$2:$M$2,R$3) -> 341355.22 | T13: =SUM(O13:R13) -> 2064293.3
A14: Customer Success | B14: =SUMIFS(Budget_marketing_pipeline!$J:$J,Budget_marketing_pipeline!$D:$D,'Budget Summary'!$A14,Budget_marketing_pipeline!$C:$C,'Budget Summary'!B$3) -> 0 | C14: =SUMIFS(Budget_marketing_pipeline!$J:$J,Budget_marketing_pipeline!$D:$D,'Budget Summary'!$A14,Budget_marketing_pipeline!$C:$C,'Budget Summary'!C$3) -> 0 | D14: =SUMIFS(Budget_marketing_pipeline!$J:$J,Budget_marketing_pipeline!$D:$D,'Budget Summary'!$A14,Budget_marketing_pipeline!$C:$C,'Budget Summary'!D$3) -> 0 | E14: =SUMIFS(Budget_marketing_pipeline!$J:$J,Budget_marketing_pipeline!$D:$D,'Budget Summary'!$A14,Budget_marketing_pipeline!$C:$C,'Budget Summary'!E$3) -> 0 | F14: =SUMIFS(Budget_marketing_pipeline!$J:$J,Budget_marketing_pipeline!$D:$D,'Budget Summary'!$A14,Budget_marketing_pipeline!$C:$C,'Budget Summary'!F$3) -> 0 | G14: =SUMIFS(Budget_marketing_pipeline!$J:$J,Budget_marketing_pipeline!$D:$D,'Budget Summary'!$A14,Budget_marketing_pipeline!$C:$C,'Budget Summary'!G$3) -> 0 | H14: =SUMIFS(Budget_marketing_pipeline!$J:$J,Budget_marketing_pipeline!$D:$D,'Budget Summary'!$A14,Budget_marketing_pipeline!$C:$C,'Budget Summary'!H$3) -> 0 | I14: =SUMIFS(Budget_marketing_pipeline!$J:$J,Budget_marketing_pipeline!$D:$D,'Budget Summary'!$A14,Budget_marketing_pipeline!$C:$C,'Budget Summary'!I$3) -> 0 | ... M14: =SUMIFS(Budget_marketing_pipeline!$J:$J,Budget_marketing_pipeline!$D:$D,'Budget Summary'!$A14,Budget_marketing_pipeline!$C:$C,'Budget Summary'!M$3) -> 0 | O14: =SUMIFS($B14:$M14,$B$2:$M$2,O$3) -> 0 | P14: =SUMIFS($B14:$M14,$B$2:$M$2,P$3) -> 0 | Q14: =SUMIFS($B14:$M14,$B$2:$M$2,Q$3) -> 0 | R14: =SUMIFS($B14:$M14,$B$2:$M$2,R$3) -> 0 | T14: =SUM(O14:R14) -> 0
A15: Total | B15: =SUM(B4:B14) -> 1046833.1 | C15: =SUM(C4:C14) -> 1535358.1 | D15: =SUM(D4:D14) -> 1450229.6 | E15: =SUM(E4:E14) -> 1556069.3 | F15: =SUM(F4:F14) -> 1693844.9 | G15: =SUM(G4:G14) -> 1803851.9 | H15: =SUM(H4:H14) -> 1552151.9 | I15: =SUM(I4:I14) -> 1914932 | ... M15: =SUM(M4:M14) -> 1400089 | O15: =SUMIFS($B15:$M15,$B$2:$M$2,O$3) -> 4032420.8 | P15: =SUMIFS($B15:$M15,$B$2:$M$2,P$3) -> 5053766.1 | Q15: =SUMIFS($B15:$M15,$B$2:$M$2,Q$3) -> 5215911 | R15: =SUMIFS($B15:$M15,$B$2:$M$2,R$3) -> 4315042.4 | T15: =SUM(O15:R15) -> 18617140
A17: MQL | B17: Q1 | C17: Q1 | D17: Q1 | E17: Q2 | F17: Q2 | G17: Q2 | H17: Q3 | I17: Q3 | J17: Q3 | K17: Q4 | L17: Q4 | M17: Q4
A18: marketing_channel | B18: 2026-01 | C18: 2026-02 | D18: 2026-03 | E18: 2026-04 | F18: 2026-05 | G18: 2026-06 | H18: 2026-07 | I18: 2026-08 | J18: 2026-09 | K18: 2026-10 | L18: 2026-11 | M18: 2026-12 | O18: Q1 | P18: Q2 | Q18: Q3 | R18: Q4 | T18: FY26
A19: Paid Search | B19: =SUMIFS(Budget_marketing_pipeline!$E:$E,Budget_marketing_pipeline!$D:$D,'Budget Summary'!$A19,Budget_marketing_pipeline!$C:$C,'Budget Summary'!B$3) -> 560 | C19: =SUMIFS(Budget_marketing_pipeline!$E:$E,Budget_marketing_pipeline!$D:$D,'Budget Summary'!$A19,Budget_marketing_pipeline!$C:$C,'Budget Summary'!C$3) -> 932 | D19: =SUMIFS(Budget_marketing_pipeline!$E:$E,Budget_marketing_pipeline!$D:$D,'Budget Summary'!$A19,Budget_marketing_pipeline!$C:$C,'Budget Summary'!D$3) -> 741 | E19: =SUMIFS(Budget_marketing_pipeline!$E:$E,Budget_marketing_pipeline!$D:$D,'Budget Summary'!$A19,Budget_marketing_pipeline!$C:$C,'Budget Summary'!E$3) -> 978 | F19: =SUMIFS(Budget_marketing_pipeline!$E:$E,Budget_marketing_pipeline!$D:$D,'Budget Summary'!$A19,Budget_marketing_pipeline!$C:$C,'Budget Summary'!F$3) -> 927 | G19: =SUMIFS(Budget_marketing_pipeline!$E:$E,Budget_marketing_pipeline!$D:$D,'Budget Summary'!$A19,Budget_marketing_pipeline!$C:$C,'Budget Summary'!G$3) -> 1027 | H19: =SUMIFS(Budget_marketing_pipeline!$E:$E,Budget_marketing_pipeline!$D:$D,'Budget Summary'!$A19,Budget_marketing_pipeline!$C:$C,'Budget Summary'!H$3) -> 562 | I19: =SUMIFS(Budget_marketing_pipeline!$E:$E,Budget_marketing_pipeline!$D:$D,'Budget Summary'!$A19,Budget_marketing_pipeline!$C:$C,'Budget Summary'!I$3) -> 934 | ... M19: =SUMIFS(Budget_marketing_pipeline!$E:$E,Budget_marketing_pipeline!$D:$D,'Budget Summary'!$A19,Budget_marketing_pipeline!$C:$C,'Budget Summary'!M$3) -> 1148 | O19: =SUMIFS($B19:$M19,$B$2:$M$2,O$3) -> 2233 | P19: =SUMIFS($B19:$M19,$B$2:$M$2,P$3) -> 2932 | Q19: =SUMIFS($B19:$M19,$B$2:$M$2,Q$3) -> 2106 | R19: =SUMIFS($B19:$M19,$B$2:$M$2,R$3) -> 2948 | T19: =SUM(O19:R19) -> 10219
A20: Paid Social | B20: =SUMIFS(Budget_marketing_pipeline!$E:$E,Budget_marketing_pipeline!$D:$D,'Budget Summary'!$A20,Budget_marketing_pipeline!$C:$C,'Budget Summary'!B$3) -> 875 | C20: =SUMIFS(Budget_marketing_pipeline!$E:$E,Budget_marketing_pipeline!$D:$D,'Budget Summary'!$A20,Budget_marketing_pipeline!$C:$C,'Budget Summary'!C$3) -> 448 | D20: =SUMIFS(Budget_marketing_pipeline!$E:$E,Budget_marketing_pipeline!$D:$D,'Budget Summary'!$A20,Budget_marketing_pipeline!$C:$C,'Budget Summary'!D$3) -> 1534 | E20: =SUMIFS(Budget_marketing_pipeline!$E:$E,Budget_marketing_pipeline!$D:$D,'Budget Summary'!$A20,Budget_marketing_pipeline!$C:$C,'Budget Summary'!E$3) -> 1406 | F20: =SUMIFS(Budget_marketing_pipeline!$E:$E,Budget_marketing_pipeline!$D:$D,'Budget Summary'!$A20,Budget_marketing_pipeline!$C:$C,'Budget Summary'!F$3) -> 574 | G20: =SUMIFS(Budget_marketing_pipeline!$E:$E,Budget_marketing_pipeline!$D:$D,'Budget Summary'!$A20,Budget_marketing_pipeline!$C:$C,'Budget Summary'!G$3) -> 288 | H20: =SUMIFS(Budget_marketing_pipeline!$E:$E,Budget_marketing_pipeline!$D:$D,'Budget Summary'!$A20,Budget_marketing_pipeline!$C:$C,'Budget Summary'!H$3) -> 571 | I20: =SUMIFS(Budget_marketing_pipeline!$E:$E,Budget_marketing_pipeline!$D:$D,'Budget Summary'!$A20,Budget_marketing_pipeline!$C:$C,'Budget Summary'!I$3) -> 493 | ... M20: =SUMIFS(Budget_marketing_pipeline!$E:$E,Budget_marketing_pipeline!$D:$D,'Budget Summary'!$A20,Budget_marketing_pipeline!$C:$C,'Budget Summary'!M$3) -> 649 | O20: =SUMIFS($B20:$M20,$B$2:$M$2,O$3) -> 2857 | P20: =SUMIFS($B20:$M20,$B$2:$M$2,P$3) -> 2268 | Q20: =SUMIFS($B20:$M20,$B$2:$M$2,Q$3) -> 1633 | R20: =SUMIFS($B20:$M20,$B$2:$M$2,R$3) -> 2159 | T20: =SUM(O20:R20) -> 8917
A21: Organic Search | B21: =SUMIFS(Budget_marketing_pipeline!$E:$E,Budget_marketing_pipeline!$D:$D,'Budget Summary'!$A21,Budget_marketing_pipeline!$C:$C,'Budget Summary'!B$3) -> 1290 | C21: =SUMIFS(Budget_marketing_pipeline!$E:$E,Budget_marketing_pipeline!$D:$D,'Budget Summary'!$A21,Budget_marketing_pipeline!$C:$C,'Budget Summary'!C$3) -> 1078 | D21: =SUMIFS(Budget_marketing_pipeline!$E:$E,Budget_marketing_pipeline!$D:$D,'Budget Summary'!$A21,Budget_marketing_pipeline!$C:$C,'Budget Summary'!D$3) -> 666 | E21: =SUMIFS(Budget_marketing_pipeline!$E:$E,Budget_marketing_pipeline!$D:$D,'Budget Summary'!$A21,Budget_marketing_pipeline!$C:$C,'Budget Summary'!E$3) -> 484 | F21: =SUMIFS(Budget_marketing_pipeline!$E:$E,Budget_marketing_pipeline!$D:$D,'Budget Summary'!$A21,Budget_marketing_pipeline!$C:$C,'Budget Summary'!F$3) -> 1083 | G21: =SUMIFS(Budget_marketing_pipeline!$E:$E,Budget_marketing_pipeline!$D:$D,'Budget Summary'!$A21,Budget_marketing_pipeline!$C:$C,'Budget Summary'!G$3) -> 917 | H21: =SUMIFS(Budget_marketing_pipeline!$E:$E,Budget_marketing_pipeline!$D:$D,'Budget Summary'!$A21,Budget_marketing_pipeline!$C:$C,'Budget Summary'!H$3) -> 628 | I21: =SUMIFS(Budget_marketing_pipeline!$E:$E,Budget_marketing_pipeline!$D:$D,'Budget Summary'!$A21,Budget_marketing_pipeline!$C:$C,'Budget Summary'!I$3) -> 580 | ... M21: =SUMIFS(Budget_marketing_pipeline!$E:$E,Budget_marketing_pipeline!$D:$D,'Budget Summary'!$A21,Budget_marketing_pipeline!$C:$C,'Budget Summary'!M$3) -> 1016 | O21: =SUMIFS($B21:$M21,$B$2:$M$2,O$3) -> 3034 | P21: =SUMIFS($B21:$M21,$B$2:$M$2,P$3) -> 2484 | Q21: =SUMIFS($B21:$M21,$B$2:$M$2,Q$3) -> 2525 | R21: =SUMIFS($B21:$M21,$B$2:$M$2,R$3) -> 2782 | T21: =SUM(O21:R21) -> 10825
A22: Partner | B22: =SUMIFS(Budget_marketing_pipeline!$E:$E,Budget_marketing_pipeline!$D:$D,'Budget Summary'!$A22,Budget_marketing_pipeline!$C:$C,'Budget Summary'!B$3) -> 907 | C22: =SUMIFS(Budget_marketing_pipeline!$E:$E,Budget_marketing_pipeline!$D:$D,'Budget Summary'!$A22,Budget_marketing_pipeline!$C:$C,'Budget Summary'!C$3) -> 1188 | D22: =SUMIFS(Budget_marketing_pipeline!$E:$E,Budget_marketing_pipeline!$D:$D,'Budget Summary'!$A22,Budget_marketing_pipeline!$C:$C,'Budget Summary'!D$3) -> 495 | E22: =SUMIFS(Budget_marketing_pipeline!$E:$E,Budget_marketing_pipeline!$D:$D,'Budget Summary'!$A22,Budget_marketing_pipeline!$C:$C,'Budget Summary'!E$3) -> 844 | F22: =SUMIFS(Budget_marketing_pipeline!$E:$E,Budget_marketing_pipeline!$D:$D,'Budget Summary'!$A22,Budget_marketing_pipeline!$C:$C,'Budget Summary'!F$3) -> 336 | G22: =SUMIFS(Budget_marketing_pipeline!$E:$E,Budget_marketing_pipeline!$D:$D,'Budget Summary'!$A22,Budget_marketing_pipeline!$C:$C,'Budget Summary'!G$3) -> 645 | H22: =SUMIFS(Budget_marketing_pipeline!$E:$E,Budget_marketing_pipeline!$D:$D,'Budget Summary'!$A22,Budget_marketing_pipeline!$C:$C,'Budget Summary'!H$3) -> 1233 | I22: =SUMIFS(Budget_marketing_pipeline!$E:$E,Budget_marketing_pipeline!$D:$D,'Budget Summary'!$A22,Budget_marketing_pipeline!$C:$C,'Budget Summary'!I$3) -> 519 | ... M22: =SUMIFS(Budget_marketing_pipeline!$E:$E,Budget_marketing_pipeline!$D:$D,'Budget Summary'!$A22,Budget_marketing_pipeline!$C:$C,'Budget Summary'!M$3) -> 700 | O22: =SUMIFS($B22:$M22,$B$2:$M$2,O$3) -> 2590 | P22: =SUMIFS($B22:$M22,$B$2:$M$2,P$3) -> 1825 | Q22: =SUMIFS($B22:$M22,$B$2:$M$2,Q$3) -> 2184 | R22: =SUMIFS($B22:$M22,$B$2:$M$2,R$3) -> 3225 | T22: =SUM(O22:R22) -> 9824
A23: Webinar | B23: =SUMIFS(Budget_marketing_pipeline!$E:$E,Budget_marketing_pipeline!$D:$D,'Budget Summary'!$A23,Budget_marketing_pipeline!$C:$C,'Budget Summary'!B$3) -> 302 | C23: =SUMIFS(Budget_marketing_pipeline!$E:$E,Budget_marketing_pipeline!$D:$D,'Budget Summary'!$A23,Budget_marketing_pipeline!$C:$C,'Budget Summary'!C$3) -> 599 | D23: =SUMIFS(Budget_marketing_pipeline!$E:$E,Budget_marketing_pipeline!$D:$D,'Budget Summary'!$A23,Budget_marketing_pipeline!$C:$C,'Budget Summary'!D$3) -> 274 | E23: =SUMIFS(Budget_marketing_pipeline!$E:$E,Budget_marketing_pipeline!$D:$D,'Budget Summary'!$A23,Budget_marketing_pipeline!$C:$C,'Budget Summary'!E$3) -> 1107 | F23: =SUMIFS(Budget_marketing_pipeline!$E:$E,Budget_marketing_pipeline!$D:$D,'Budget Summary'!$A23,Budget_marketing_pipeline!$C:$C,'Budget Summary'!F$3) -> 655 | G23: =SUMIFS(Budget_marketing_pipeline!$E:$E,Budget_marketing_pipeline!$D:$D,'Budget Summary'!$A23,Budget_marketing_pipeline!$C:$C,'Budget Summary'!G$3) -> 375 | H23: =SUMIFS(Budget_marketing_pipeline!$E:$E,Budget_marketing_pipeline!$D:$D,'Budget Summary'!$A23,Budget_marketing_pipeline!$C:$C,'Budget Summary'!H$3) -> 1026 | I23: =SUMIFS(Budget_marketing_pipeline!$E:$E,Budget_marketing_pipeline!$D:$D,'Budget Summary'!$A23,Budget_marketing_pipeline!$C:$C,'Budget Summary'!I$3) -> 550 | ... M23: =SUMIFS(Budget_marketing_pipeline!$E:$E,Budget_marketing_pipeline!$D:$D,'Budget Summary'!$A23,Budget_marketing_pipeline!$C:$C,'Budget Summary'!M$3) -> 489 | O23: =SUMIFS($B23:$M23,$B$2:$M$2,O$3) -> 1175 | P23: =SUMIFS($B23:$M23,$B$2:$M$2,P$3) -> 2137 | Q23: =SUMIFS($B23:$M23,$B$2:$M$2,Q$3) -> 1944 | R23: =SUMIFS($B23:$M23,$B$2:$M$2,R$3) -> 1991 | T23: =SUM(O23:R23) -> 7247
A24: Field Event | B24: =SUMIFS(Budget_marketing_pipeline!$E:$E,Budget_marketing_pipeline!$D:$D,'Budget Summary'!$A24,Budget_marketing_pipeline!$C:$C,'Budget Summary'!B$3) -> 617 | C24: =SUMIFS(Budget_marketing_pipeline!$E:$E,Budget_marketing_pipeline!$D:$D,'Budget Summary'!$A24,Budget_marketing_pipeline!$C:$C,'Budget Summary'!C$3) -> 974 | D24: =SUMIFS(Budget_marketing_pipeline!$E:$E,Budget_marketing_pipeline!$D:$D,'Budget Summary'!$A24,Budget_marketing_pipeline!$C:$C,'Budget Summary'!D$3) -> 668 | E24: =SUMIFS(Budget_marketing_pipeline!$E:$E,Budget_marketing_pipeline!$D:$D,'Budget Summary'!$A24,Budget_marketing_pipeline!$C:$C,'Budget Summary'!E$3) -> 642 | F24: =SUMIFS(Budget_marketing_pipeline!$E:$E,Budget_marketing_pipeline!$D:$D,'Budget Summary'!$A24,Budget_marketing_pipeline!$C:$C,'Budget Summary'!F$3) -> 1281 | G24: =SUMIFS(Budget_marketing_pipeline!$E:$E,Budget_marketing_pipeline!$D:$D,'Budget Summary'!$A24,Budget_marketing_pipeline!$C:$C,'Budget Summary'!G$3) -> 566 | H24: =SUMIFS(Budget_marketing_pipeline!$E:$E,Budget_marketing_pipeline!$D:$D,'Budget Summary'!$A24,Budget_marketing_pipeline!$C:$C,'Budget Summary'!H$3) -> 691 | I24: =SUMIFS(Budget_marketing_pipeline!$E:$E,Budget_marketing_pipeline!$D:$D,'Budget Summary'!$A24,Budget_marketing_pipeline!$C:$C,'Budget Summary'!I$3) -> 945 | ... M24: =SUMIFS(Budget_marketing_pipeline!$E:$E,Budget_marketing_pipeline!$D:$D,'Budget Summary'!$A24,Budget_marketing_pipeline!$C:$C,'Budget Summary'!M$3) -> 731 | O24: =SUMIFS($B24:$M24,$B$2:$M$2,O$3) -> 2259 | P24: =SUMIFS($B24:$M24,$B$2:$M$2,P$3) -> 2489 | Q24: =SUMIFS($B24:$M24,$B$2:$M$2,Q$3) -> 2568 | R24: =SUMIFS($B24:$M24,$B$2:$M$2,R$3) -> 2194 | T24: =SUM(O24:R24) -> 9510
A25: Referral | B25: =SUMIFS(Budget_marketing_pipeline!$E:$E,Budget_marketing_pipeline!$D:$D,'Budget Summary'!$A25,Budget_marketing_pipeline!$C:$C,'Budget Summary'!B$3) -> 655 | C25: =SUMIFS(Budget_marketing_pipeline!$E:$E,Budget_marketing_pipeline!$D:$D,'Budget Summary'!$A25,Budget_marketing_pipeline!$C:$C,'Budget Summary'!C$3) -> 600 | D25: =SUMIFS(Budget_marketing_pipeline!$E:$E,Budget_marketing_pipeline!$D:$D,'Budget Summary'!$A25,Budget_marketing_pipeline!$C:$C,'Budget Summary'!D$3) -> 868 | E25: =SUMIFS(Budget_marketing_pipeline!$E:$E,Budget_marketing_pipeline!$D:$D,'Budget Summary'!$A25,Budget_marketing_pipeline!$C:$C,'Budget Summary'!E$3) -> 366 | F25: =SUMIFS(Budget_marketing_pipeline!$E:$E,Budget_marketing_pipeline!$D:$D,'Budget Summary'!$A25,Budget_marketing_pipeline!$C:$C,'Budget Summary'!F$3) -> 657 | G25: =SUMIFS(Budget_marketing_pipeline!$E:$E,Budget_marketing_pipeline!$D:$D,'Budget Summary'!$A25,Budget_marketing_pipeline!$C:$C,'Budget Summary'!G$3) -> 1380 | H25: =SUMIFS(Budget_marketing_pipeline!$E:$E,Budget_marketing_pipeline!$D:$D,'Budget Summary'!$A25,Budget_marketing_pipeline!$C:$C,'Budget Summary'!H$3) -> 1307 | I25: =SUMIFS(Budget_marketing_pipeline!$E:$E,Budget_marketing_pipeline!$D:$D,'Budget Summary'!$A25,Budget_marketing_pipeline!$C:$C,'Budget Summary'!I$3) -> 670 | ... M25: =SUMIFS(Budget_marketing_pipeline!$E:$E,Budget_marketing_pipeline!$D:$D,'Budget Summary'!$A25,Budget_marketing_pipeline!$C:$C,'Budget Summary'!M$3) -> 959 | O25: =SUMIFS($B25:$M25,$B$2:$M$2,O$3) -> 2123 | P25: =SUMIFS($B25:$M25,$B$2:$M$2,P$3) -> 2403 | Q25: =SUMIFS($B25:$M25,$B$2:$M$2,Q$3) -> 2838 | R25: =SUMIFS($B25:$M25,$B$2:$M$2,R$3) -> 2167 | T25: =SUM(O25:R25) -> 9531
A26: Direct | B26: =SUMIFS(Budget_marketing_pipeline!$E:$E,Budget_marketing_pipeline!$D:$D,'Budget Summary'!$A26,Budget_marketing_pipeline!$C:$C,'Budget Summary'!B$3) -> 302 | C26: =SUMIFS(Budget_marketing_pipeline!$E:$E,Budget_marketing_pipeline!$D:$D,'Budget Summary'!$A26,Budget_marketing_pipeline!$C:$C,'Budget Summary'!C$3) -> 695 | D26: =SUMIFS(Budget_marketing_pipeline!$E:$E,Budget_marketing_pipeline!$D:$D,'Budget Summary'!$A26,Budget_marketing_pipeline!$C:$C,'Budget Summary'!D$3) -> 745 | E26: =SUMIFS(Budget_marketing_pipeline!$E:$E,Budget_marketing_pipeline!$D:$D,'Budget Summary'!$A26,Budget_marketing_pipeline!$C:$C,'Budget Summary'!E$3) -> 511 | F26: =SUMIFS(Budget_marketing_pipeline!$E:$E,Budget_marketing_pipeline!$D:$D,'Budget Summary'!$A26,Budget_marketing_pipeline!$C:$C,'Budget Summary'!F$3) -> 1467 | G26: =SUMIFS(Budget_marketing_pipeline!$E:$E,Budget_marketing_pipeline!$D:$D,'Budget Summary'!$A26,Budget_marketing_pipeline!$C:$C,'Budget Summary'!G$3) -> 1307 | H26: =SUMIFS(Budget_marketing_pipeline!$E:$E,Budget_marketing_pipeline!$D:$D,'Budget Summary'!$A26,Budget_marketing_pipeline!$C:$C,'Budget Summary'!H$3) -> 911 | I26: =SUMIFS(Budget_marketing_pipeline!$E:$E,Budget_marketing_pipeline!$D:$D,'Budget Summary'!$A26,Budget_marketing_pipeline!$C:$C,'Budget Summary'!I$3) -> 846 | ... M26: =SUMIFS(Budget_marketing_pipeline!$E:$E,Budget_marketing_pipeline!$D:$D,'Budget Summary'!$A26,Budget_marketing_pipeline!$C:$C,'Budget Summary'!M$3) -> 1185 | O26: =SUMIFS($B26:$M26,$B$2:$M$2,O$3) -> 1742 | P26: =SUMIFS($B26:$M26,$B$2:$M$2,P$3) -> 3285 | Q26: =SUMIFS($B26:$M26,$B$2:$M$2,Q$3) -> 2254 | R26: =SUMIFS($B26:$M26,$B$2:$M$2,R$3) -> 2674 | T26: =SUM(O26:R26) -> 9955
A27: Content Syndication | B27: =SUMIFS(Budget_marketing_pipeline!$E:$E,Budget_marketing_pipeline!$D:$D,'Budget Summary'!$A27,Budget_marketing_pipeline!$C:$C,'Budget Summary'!B$3) -> 422 | C27: =SUMIFS(Budget_marketing_pipeline!$E:$E,Budget_marketing_pipeline!$D:$D,'Budget Summary'!$A27,Budget_marketing_pipeline!$C:$C,'Budget Summary'!C$3) -> 1121 | D27: =SUMIFS(Budget_marketing_pipeline!$E:$E,Budget_marketing_pipeline!$D:$D,'Budget Summary'!$A27,Budget_marketing_pipeline!$C:$C,'Budget Summary'!D$3) -> 415 | E27: =SUMIFS(Budget_marketing_pipeline!$E:$E,Budget_marketing_pipeline!$D:$D,'Budget Summary'!$A27,Budget_marketing_pipeline!$C:$C,'Budget Summary'!E$3) -> 559 | F27: =SUMIFS(Budget_marketing_pipeline!$E:$E,Budget_marketing_pipeline!$D:$D,'Budget Summary'!$A27,Budget_marketing_pipeline!$C:$C,'Budget Summary'!F$3) -> 464 | G27: =SUMIFS(Budget_marketing_pipeline!$E:$E,Budget_marketing_pipeline!$D:$D,'Budget Summary'!$A27,Budget_marketing_pipeline!$C:$C,'Budget Summary'!G$3) -> 1070 | H27: =SUMIFS(Budget_marketing_pipeline!$E:$E,Budget_marketing_pipeline!$D:$D,'Budget Summary'!$A27,Budget_marketing_pipeline!$C:$C,'Budget Summary'!H$3) -> 922 | I27: =SUMIFS(Budget_marketing_pipeline!$E:$E,Budget_marketing_pipeline!$D:$D,'Budget Summary'!$A27,Budget_marketing_pipeline!$C:$C,'Budget Summary'!I$3) -> 357 | ... M27: =SUMIFS(Budget_marketing_pipeline!$E:$E,Budget_marketing_pipeline!$D:$D,'Budget Summary'!$A27,Budget_marketing_pipeline!$C:$C,'Budget Summary'!M$3) -> 902 | O27: =SUMIFS($B27:$M27,$B$2:$M$2,O$3) -> 1958 | P27: =SUMIFS($B27:$M27,$B$2:$M$2,P$3) -> 2093 | Q27: =SUMIFS($B27:$M27,$B$2:$M$2,Q$3) -> 1700 | R27: =SUMIFS($B27:$M27,$B$2:$M$2,R$3) -> 3466 | T27: =SUM(O27:R27) -> 9217
A28: Outbound | B28: =SUMIFS(Budget_marketing_pipeline!$E:$E,Budget_marketing_pipeline!$D:$D,'Budget Summary'!$A28,Budget_marketing_pipeline!$C:$C,'Budget Summary'!B$3) -> 658 | C28: =SUMIFS(Budget_marketing_pipeline!$E:$E,Budget_marketing_pipeline!$D:$D,'Budget Summary'!$A28,Budget_marketing_pipeline!$C:$C,'Budget Summary'!C$3) -> 403 | D28: =SUMIFS(Budget_marketing_pipeline!$E:$E,Budget_marketing_pipeline!$D:$D,'Budget Summary'!$A28,Budget_marketing_pipeline!$C:$C,'Budget Summary'!D$3) -> 1408 | E28: =SUMIFS(Budget_marketing_pipeline!$E:$E,Budget_marketing_pipeline!$D:$D,'Budget Summary'!$A28,Budget_marketing_pipeline!$C:$C,'Budget Summary'!E$3) -> 702 | F28: =SUMIFS(Budget_marketing_pipeline!$E:$E,Budget_marketing_pipeline!$D:$D,'Budget Summary'!$A28,Budget_marketing_pipeline!$C:$C,'Budget Summary'!F$3) -> 517 | G28: =SUMIFS(Budget_marketing_pipeline!$E:$E,Budget_marketing_pipeline!$D:$D,'Budget Summary'!$A28,Budget_marketing_pipeline!$C:$C,'Budget Summary'!G$3) -> 1049 | H28: =SUMIFS(Budget_marketing_pipeline!$E:$E,Budget_marketing_pipeline!$D:$D,'Budget Summary'!$A28,Budget_marketing_pipeline!$C:$C,'Budget Summary'!H$3) -> 516 | I28: =SUMIFS(Budget_marketing_pipeline!$E:$E,Budget_marketing_pipeline!$D:$D,'Budget Summary'!$A28,Budget_marketing_pipeline!$C:$C,'Budget Summary'!I$3) -> 1242 | ... M28: =SUMIFS(Budget_marketing_pipeline!$E:$E,Budget_marketing_pipeline!$D:$D,'Budget Summary'!$A28,Budget_marketing_pipeline!$C:$C,'Budget Summary'!M$3) -> 421 | O28: =SUMIFS($B28:$M28,$B$2:$M$2,O$3) -> 2469 | P28: =SUMIFS($B28:$M28,$B$2:$M$2,P$3) -> 2268 | Q28: =SUMIFS($B28:$M28,$B$2:$M$2,Q$3) -> 2283 | R28: =SUMIFS($B28:$M28,$B$2:$M$2,R$3) -> 1562 | T28: =SUM(O28:R28) -> 8582
A29: Customer Success | B29: =SUMIFS(Budget_marketing_pipeline!$E:$E,Budget_marketing_pipeline!$D:$D,'Budget Summary'!$A29,Budget_marketing_pipeline!$C:$C,'Budget Summary'!B$3) -> 0 | C29: =SUMIFS(Budget_marketing_pipeline!$E:$E,Budget_marketing_pipeline!$D:$D,'Budget Summary'!$A29,Budget_marketing_pipeline!$C:$C,'Budget Summary'!C$3) -> 0 | D29: =SUMIFS(Budget_marketing_pipeline!$E:$E,Budget_marketing_pipeline!$D:$D,'Budget Summary'!$A29,Budget_marketing_pipeline!$C:$C,'Budget Summary'!D$3) -> 0 | E29: =SUMIFS(Budget_marketing_pipeline!$E:$E,Budget_marketing_pipeline!$D:$D,'Budget Summary'!$A29,Budget_marketing_pipeline!$C:$C,'Budget Summary'!E$3) -> 0 | F29: =SUMIFS(Budget_marketing_pipeline!$E:$E,Budget_marketing_pipeline!$D:$D,'Budget Summary'!$A29,Budget_marketing_pipeline!$C:$C,'Budget Summary'!F$3) -> 0 | G29: =SUMIFS(Budget_marketing_pipeline!$E:$E,Budget_marketing_pipeline!$D:$D,'Budget Summary'!$A29,Budget_marketing_pipeline!$C:$C,'Budget Summary'!G$3) -> 0 | H29: =SUMIFS(Budget_marketing_pipeline!$E:$E,Budget_marketing_pipeline!$D:$D,'Budget Summary'!$A29,Budget_marketing_pipeline!$C:$C,'Budget Summary'!H$3) -> 0 | I29: =SUMIFS(Budget_marketing_pipeline!$E:$E,Budget_marketing_pipeline!$D:$D,'Budget Summary'!$A29,Budget_marketing_pipeline!$C:$C,'Budget Summary'!I$3) -> 0 | ... M29: =SUMIFS(Budget_marketing_pipeline!$E:$E,Budget_marketing_pipeline!$D:$D,'Budget Summary'!$A29,Budget_marketing_pipeline!$C:$C,'Budget Summary'!M$3) -> 0 | O29: =SUMIFS($B29:$M29,$B$2:$M$2,O$3) -> 0 | P29: =SUMIFS($B29:$M29,$B$2:$M$2,P$3) -> 0 | Q29: =SUMIFS($B29:$M29,$B$2:$M$2,Q$3) -> 0 | R29: =SUMIFS($B29:$M29,$B$2:$M$2,R$3) -> 0 | T29: =SUM(O29:R29) -> 0
A30: Total | B30: =SUM(B19:B29) -> 6588 | C30: =SUM(C19:C29) -> 8038 | D30: =SUM(D19:D29) -> 7814 | E30: =SUM(E19:E29) -> 7599 | F30: =SUM(F19:F29) -> 7961 | G30: =SUM(G19:G29) -> 8624 | H30: =SUM(H19:H29) -> 8367 | I30: =SUM(I19:I29) -> 7136 | ... M30: =SUM(M19:M29) -> 8200 | O30: =SUMIFS($B30:$M30,$B$2:$M$2,O$3) -> 22440 | P30: =SUMIFS($B30:$M30,$B$2:$M$2,P$3) -> 24184 | Q30: =SUMIFS($B30:$M30,$B$2:$M$2,Q$3) -> 22035 | R30: =SUMIFS($B30:$M30,$B$2:$M$2,R$3) -> 25168 | T30: =SUM(O30:R30) -> 93827
A32: SQL | B32: Q1 | C32: Q1 | D32: Q1 | E32: Q2 | F32: Q2 | G32: Q2 | H32: Q3 | I32: Q3 | J32: Q3 | K32: Q4 | L32: Q4 | M32: Q4
A33: marketing_channel | B33: 2026-01 | C33: 2026-02 | D33: 2026-03 | E33: 2026-04 | F33: 2026-05 | G33: 2026-06 | H33: 2026-07 | I33: 2026-08 | J33: 2026-09 | K33: 2026-10 | L33: 2026-11 | M33: 2026-12 | O33: Q1 | P33: Q2 | Q33: Q3 | R33: Q4 | T33: FY26
A34: Paid Search | B34: =SUMIFS(Budget_marketing_pipeline!$F:$F,Budget_marketing_pipeline!$D:$D,'Budget Summary'!$A34,Budget_marketing_pipeline!$C:$C,'Budget Summary'!B$3) -> 240 | C34: =SUMIFS(Budget_marketing_pipeline!$F:$F,Budget_marketing_pipeline!$D:$D,'Budget Summary'!$A34,Budget_marketing_pipeline!$C:$C,'Budget Summary'!C$3) -> 293 | D34: =SUMIFS(Budget_marketing_pipeline!$F:$F,Budget_marketing_pipeline!$D:$D,'Budget Summary'!$A34,Budget_marketing_pipeline!$C:$C,'Budget Summary'!D$3) -> 199 | E34: =SUMIFS(Budget_marketing_pipeline!$F:$F,Budget_marketing_pipeline!$D:$D,'Budget Summary'!$A34,Budget_marketing_pipeline!$C:$C,'Budget Summary'!E$3) -> 402 | F34: =SUMIFS(Budget_marketing_pipeline!$F:$F,Budget_marketing_pipeline!$D:$D,'Budget Summary'!$A34,Budget_marketing_pipeline!$C:$C,'Budget Summary'!F$3) -> 273 | G34: =SUMIFS(Budget_marketing_pipeline!$F:$F,Budget_marketing_pipeline!$D:$D,'Budget Summary'!$A34,Budget_marketing_pipeline!$C:$C,'Budget Summary'!G$3) -> 371 | H34: =SUMIFS(Budget_marketing_pipeline!$F:$F,Budget_marketing_pipeline!$D:$D,'Budget Summary'!$A34,Budget_marketing_pipeline!$C:$C,'Budget Summary'!H$3) -> 259 | I34: =SUMIFS(Budget_marketing_pipeline!$F:$F,Budget_marketing_pipeline!$D:$D,'Budget Summary'!$A34,Budget_marketing_pipeline!$C:$C,'Budget Summary'!I$3) -> 312 | ... M34: =SUMIFS(Budget_marketing_pipeline!$F:$F,Budget_marketing_pipeline!$D:$D,'Budget Summary'!$A34,Budget_marketing_pipeline!$C:$C,'Budget Summary'!M$3) -> 389 | O34: =SUMIFS($B34:$M34,$B$2:$M$2,O$3) -> 732 | P34: =SUMIFS($B34:$M34,$B$2:$M$2,P$3) -> 1046 | Q34: =SUMIFS($B34:$M34,$B$2:$M$2,Q$3) -> 735 | R34: =SUMIFS($B34:$M34,$B$2:$M$2,R$3) -> 936 | T34: =SUM(O34:R34) -> 3449
A35: Paid Social | B35: =SUMIFS(Budget_marketing_pipeline!$F:$F,Budget_marketing_pipeline!$D:$D,'Budget Summary'!$A35,Budget_marketing_pipeline!$C:$C,'Budget Summary'!B$3) -> 266 | C35: =SUMIFS(Budget_marketing_pipeline!$F:$F,Budget_marketing_pipeline!$D:$D,'Budget Summary'!$A35,Budget_marketing_pipeline!$C:$C,'Budget Summary'!C$3) -> 122 | D35: =SUMIFS(Budget_marketing_pipeline!$F:$F,Budget_marketing_pipeline!$D:$D,'Budget Summary'!$A35,Budget_marketing_pipeline!$C:$C,'Budget Summary'!D$3) -> 419 | E35: =SUMIFS(Budget_marketing_pipeline!$F:$F,Budget_marketing_pipeline!$D:$D,'Budget Summary'!$A35,Budget_marketing_pipeline!$C:$C,'Budget Summary'!E$3) -> 384 | F35: =SUMIFS(Budget_marketing_pipeline!$F:$F,Budget_marketing_pipeline!$D:$D,'Budget Summary'!$A35,Budget_marketing_pipeline!$C:$C,'Budget Summary'!F$3) -> 251 | G35: =SUMIFS(Budget_marketing_pipeline!$F:$F,Budget_marketing_pipeline!$D:$D,'Budget Summary'!$A35,Budget_marketing_pipeline!$C:$C,'Budget Summary'!G$3) -> 123 | H35: =SUMIFS(Budget_marketing_pipeline!$F:$F,Budget_marketing_pipeline!$D:$D,'Budget Summary'!$A35,Budget_marketing_pipeline!$C:$C,'Budget Summary'!H$3) -> 276 | I35: =SUMIFS(Budget_marketing_pipeline!$F:$F,Budget_marketing_pipeline!$D:$D,'Budget Summary'!$A35,Budget_marketing_pipeline!$C:$C,'Budget Summary'!I$3) -> 174 | ... M35: =SUMIFS(Budget_marketing_pipeline!$F:$F,Budget_marketing_pipeline!$D:$D,'Budget Summary'!$A35,Budget_marketing_pipeline!$C:$C,'Budget Summary'!M$3) -> 172 | O35: =SUMIFS($B35:$M35,$B$2:$M$2,O$3) -> 807 | P35: =SUMIFS($B35:$M35,$B$2:$M$2,P$3) -> 758 | Q35: =SUMIFS($B35:$M35,$B$2:$M$2,Q$3) -> 621 | R35: =SUMIFS($B35:$M35,$B$2:$M$2,R$3) -> 763 | T35: =SUM(O35:R35) -> 2949
A36: Organic Search | B36: =SUMIFS(Budget_marketing_pipeline!$F:$F,Budget_marketing_pipeline!$D:$D,'Budget Summary'!$A36,Budget_marketing_pipeline!$C:$C,'Budget Summary'!B$3) -> 414 | C36: =SUMIFS(Budget_marketing_pipeline!$F:$F,Budget_marketing_pipeline!$D:$D,'Budget Summary'!$A36,Budget_marketing_pipeline!$C:$C,'Budget Summary'!C$3) -> 331 | D36: =SUMIFS(Budget_marketing_pipeline!$F:$F,Budget_marketing_pipeline!$D:$D,'Budget Summary'!$A36,Budget_marketing_pipeline!$C:$C,'Budget Summary'!D$3) -> 245 | E36: =SUMIFS(Budget_marketing_pipeline!$F:$F,Budget_marketing_pipeline!$D:$D,'Budget Summary'!$A36,Budget_marketing_pipeline!$C:$C,'Budget Summary'!E$3) -> 150 | F36: =SUMIFS(Budget_marketing_pipeline!$F:$F,Budget_marketing_pipeline!$D:$D,'Budget Summary'!$A36,Budget_marketing_pipeline!$C:$C,'Budget Summary'!F$3) -> 401 | G36: =SUMIFS(Budget_marketing_pipeline!$F:$F,Budget_marketing_pipeline!$D:$D,'Budget Summary'!$A36,Budget_marketing_pipeline!$C:$C,'Budget Summary'!G$3) -> 419 | H36: =SUMIFS(Budget_marketing_pipeline!$F:$F,Budget_marketing_pipeline!$D:$D,'Budget Summary'!$A36,Budget_marketing_pipeline!$C:$C,'Budget Summary'!H$3) -> 188 | I36: =SUMIFS(Budget_marketing_pipeline!$F:$F,Budget_marketing_pipeline!$D:$D,'Budget Summary'!$A36,Budget_marketing_pipeline!$C:$C,'Budget Summary'!I$3) -> 153 | ... M36: =SUMIFS(Budget_marketing_pipeline!$F:$F,Budget_marketing_pipeline!$D:$D,'Budget Summary'!$A36,Budget_marketing_pipeline!$C:$C,'Budget Summary'!M$3) -> 417 | O36: =SUMIFS($B36:$M36,$B$2:$M$2,O$3) -> 990 | P36: =SUMIFS($B36:$M36,$B$2:$M$2,P$3) -> 970 | Q36: =SUMIFS($B36:$M36,$B$2:$M$2,Q$3) -> 704 | R36: =SUMIFS($B36:$M36,$B$2:$M$2,R$3) -> 1005 | T36: =SUM(O36:R36) -> 3669
A37: Partner | B37: =SUMIFS(Budget_marketing_pipeline!$F:$F,Budget_marketing_pipeline!$D:$D,'Budget Summary'!$A37,Budget_marketing_pipeline!$C:$C,'Budget Summary'!B$3) -> 321 | C37: =SUMIFS(Budget_marketing_pipeline!$F:$F,Budget_marketing_pipeline!$D:$D,'Budget Summary'!$A37,Budget_marketing_pipeline!$C:$C,'Budget Summary'!C$3) -> 377 | D37: =SUMIFS(Budget_marketing_pipeline!$F:$F,Budget_marketing_pipeline!$D:$D,'Budget Summary'!$A37,Budget_marketing_pipeline!$C:$C,'Budget Summary'!D$3) -> 199 | E37: =SUMIFS(Budget_marketing_pipeline!$F:$F,Budget_marketing_pipeline!$D:$D,'Budget Summary'!$A37,Budget_marketing_pipeline!$C:$C,'Budget Summary'!E$3) -> 241 | F37: =SUMIFS(Budget_marketing_pipeline!$F:$F,Budget_marketing_pipeline!$D:$D,'Budget Summary'!$A37,Budget_marketing_pipeline!$C:$C,'Budget Summary'!F$3) -> 133 | G37: =SUMIFS(Budget_marketing_pipeline!$F:$F,Budget_marketing_pipeline!$D:$D,'Budget Summary'!$A37,Budget_marketing_pipeline!$C:$C,'Budget Summary'!G$3) -> 321 | H37: =SUMIFS(Budget_marketing_pipeline!$F:$F,Budget_marketing_pipeline!$D:$D,'Budget Summary'!$A37,Budget_marketing_pipeline!$C:$C,'Budget Summary'!H$3) -> 397 | I37: =SUMIFS(Budget_marketing_pipeline!$F:$F,Budget_marketing_pipeline!$D:$D,'Budget Summary'!$A37,Budget_marketing_pipeline!$C:$C,'Budget Summary'!I$3) -> 208 | ... M37: =SUMIFS(Budget_marketing_pipeline!$F:$F,Budget_marketing_pipeline!$D:$D,'Budget Summary'!$A37,Budget_marketing_pipeline!$C:$C,'Budget Summary'!M$3) -> 318 | O37: =SUMIFS($B37:$M37,$B$2:$M$2,O$3) -> 897 | P37: =SUMIFS($B37:$M37,$B$2:$M$2,P$3) -> 695 | Q37: =SUMIFS($B37:$M37,$B$2:$M$2,Q$3) -> 784 | R37: =SUMIFS($B37:$M37,$B$2:$M$2,R$3) -> 1048 | T37: =SUM(O37:R37) -> 3424
A38: Webinar | B38: =SUMIFS(Budget_marketing_pipeline!$F:$F,Budget_marketing_pipeline!$D:$D,'Budget Summary'!$A38,Budget_marketing_pipeline!$C:$C,'Budget Summary'!B$3) -> 123 | C38: =SUMIFS(Budget_marketing_pipeline!$F:$F,Budget_marketing_pipeline!$D:$D,'Budget Summary'!$A38,Budget_marketing_pipeline!$C:$C,'Budget Summary'!C$3) -> 223 | D38: =SUMIFS(Budget_marketing_pipeline!$F:$F,Budget_marketing_pipeline!$D:$D,'Budget Summary'!$A38,Budget_marketing_pipeline!$C:$C,'Budget Summary'!D$3) -> 129 | E38: =SUMIFS(Budget_marketing_pipeline!$F:$F,Budget_marketing_pipeline!$D:$D,'Budget Summary'!$A38,Budget_marketing_pipeline!$C:$C,'Budget Summary'!E$3) -> 380 | F38: =SUMIFS(Budget_marketing_pipeline!$F:$F,Budget_marketing_pipeline!$D:$D,'Budget Summary'!$A38,Budget_marketing_pipeline!$C:$C,'Budget Summary'!F$3) -> 197 | G38: =SUMIFS(Budget_marketing_pipeline!$F:$F,Budget_marketing_pipeline!$D:$D,'Budget Summary'!$A38,Budget_marketing_pipeline!$C:$C,'Budget Summary'!G$3) -> 131 | H38: =SUMIFS(Budget_marketing_pipeline!$F:$F,Budget_marketing_pipeline!$D:$D,'Budget Summary'!$A38,Budget_marketing_pipeline!$C:$C,'Budget Summary'!H$3) -> 413 | I38: =SUMIFS(Budget_marketing_pipeline!$F:$F,Budget_marketing_pipeline!$D:$D,'Budget Summary'!$A38,Budget_marketing_pipeline!$C:$C,'Budget Summary'!I$3) -> 146 | ... M38: =SUMIFS(Budget_marketing_pipeline!$F:$F,Budget_marketing_pipeline!$D:$D,'Budget Summary'!$A38,Budget_marketing_pipeline!$C:$C,'Budget Summary'!M$3) -> 163 | O38: =SUMIFS($B38:$M38,$B$2:$M$2,O$3) -> 475 | P38: =SUMIFS($B38:$M38,$B$2:$M$2,P$3) -> 708 | Q38: =SUMIFS($B38:$M38,$B$2:$M$2,Q$3) -> 679 | R38: =SUMIFS($B38:$M38,$B$2:$M$2,R$3) -> 677 | T38: =SUM(O38:R38) -> 2539
A39: Field Event | B39: =SUMIFS(Budget_marketing_pipeline!$F:$F,Budget_marketing_pipeline!$D:$D,'Budget Summary'!$A39,Budget_marketing_pipeline!$C:$C,'Budget Summary'!B$3) -> 219 | C39: =SUMIFS(Budget_marketing_pipeline!$F:$F,Budget_marketing_pipeline!$D:$D,'Budget Summary'!$A39,Budget_marketing_pipeline!$C:$C,'Budget Summary'!C$3) -> 277 | D39: =SUMIFS(Budget_marketing_pipeline!$F:$F,Budget_marketing_pipeline!$D:$D,'Budget Summary'!$A39,Budget_marketing_pipeline!$C:$C,'Budget Summary'!D$3) -> 191 | E39: =SUMIFS(Budget_marketing_pipeline!$F:$F,Budget_marketing_pipeline!$D:$D,'Budget Summary'!$A39,Budget_marketing_pipeline!$C:$C,'Budget Summary'!E$3) -> 189 | F39: =SUMIFS(Budget_marketing_pipeline!$F:$F,Budget_marketing_pipeline!$D:$D,'Budget Summary'!$A39,Budget_marketing_pipeline!$C:$C,'Budget Summary'!F$3) -> 375 | G39: =SUMIFS(Budget_marketing_pipeline!$F:$F,Budget_marketing_pipeline!$D:$D,'Budget Summary'!$A39,Budget_marketing_pipeline!$C:$C,'Budget Summary'!G$3) -> 241 | H39: =SUMIFS(Budget_marketing_pipeline!$F:$F,Budget_marketing_pipeline!$D:$D,'Budget Summary'!$A39,Budget_marketing_pipeline!$C:$C,'Budget Summary'!H$3) -> 297 | I39: =SUMIFS(Budget_marketing_pipeline!$F:$F,Budget_marketing_pipeline!$D:$D,'Budget Summary'!$A39,Budget_marketing_pipeline!$C:$C,'Budget Summary'!I$3) -> 276 | ... M39: =SUMIFS(Budget_marketing_pipeline!$F:$F,Budget_marketing_pipeline!$D:$D,'Budget Summary'!$A39,Budget_marketing_pipeline!$C:$C,'Budget Summary'!M$3) -> 250 | O39: =SUMIFS($B39:$M39,$B$2:$M$2,O$3) -> 687 | P39: =SUMIFS($B39:$M39,$B$2:$M$2,P$3) -> 805 | Q39: =SUMIFS($B39:$M39,$B$2:$M$2,Q$3) -> 882 | R39: =SUMIFS($B39:$M39,$B$2:$M$2,R$3) -> 912 | T39: =SUM(O39:R39) -> 3286
A40: Referral | B40: =SUMIFS(Budget_marketing_pipeline!$F:$F,Budget_marketing_pipeline!$D:$D,'Budget Summary'!$A40,Budget_marketing_pipeline!$C:$C,'Budget Summary'!B$3) -> 287 | C40: =SUMIFS(Budget_marketing_pipeline!$F:$F,Budget_marketing_pipeline!$D:$D,'Budget Summary'!$A40,Budget_marketing_pipeline!$C:$C,'Budget Summary'!C$3) -> 245 | D40: =SUMIFS(Budget_marketing_pipeline!$F:$F,Budget_marketing_pipeline!$D:$D,'Budget Summary'!$A40,Budget_marketing_pipeline!$C:$C,'Budget Summary'!D$3) -> 404 | E40: =SUMIFS(Budget_marketing_pipeline!$F:$F,Budget_marketing_pipeline!$D:$D,'Budget Summary'!$A40,Budget_marketing_pipeline!$C:$C,'Budget Summary'!E$3) -> 121 | F40: =SUMIFS(Budget_marketing_pipeline!$F:$F,Budget_marketing_pipeline!$D:$D,'Budget Summary'!$A40,Budget_marketing_pipeline!$C:$C,'Budget Summary'!F$3) -> 262 | G40: =SUMIFS(Budget_marketing_pipeline!$F:$F,Budget_marketing_pipeline!$D:$D,'Budget Summary'!$A40,Budget_marketing_pipeline!$C:$C,'Budget Summary'!G$3) -> 393 | H40: =SUMIFS(Budget_marketing_pipeline!$F:$F,Budget_marketing_pipeline!$D:$D,'Budget Summary'!$A40,Budget_marketing_pipeline!$C:$C,'Budget Summary'!H$3) -> 391 | I40: =SUMIFS(Budget_marketing_pipeline!$F:$F,Budget_marketing_pipeline!$D:$D,'Budget Summary'!$A40,Budget_marketing_pipeline!$C:$C,'Budget Summary'!I$3) -> 178 | ... M40: =SUMIFS(Budget_marketing_pipeline!$F:$F,Budget_marketing_pipeline!$D:$D,'Budget Summary'!$A40,Budget_marketing_pipeline!$C:$C,'Budget Summary'!M$3) -> 344 | O40: =SUMIFS($B40:$M40,$B$2:$M$2,O$3) -> 936 | P40: =SUMIFS($B40:$M40,$B$2:$M$2,P$3) -> 776 | Q40: =SUMIFS($B40:$M40,$B$2:$M$2,Q$3) -> 817 | R40: =SUMIFS($B40:$M40,$B$2:$M$2,R$3) -> 889 | T40: =SUM(O40:R40) -> 3418
A41: Direct | B41: =SUMIFS(Budget_marketing_pipeline!$F:$F,Budget_marketing_pipeline!$D:$D,'Budget Summary'!$A41,Budget_marketing_pipeline!$C:$C,'Budget Summary'!B$3) -> 133 | C41: =SUMIFS(Budget_marketing_pipeline!$F:$F,Budget_marketing_pipeline!$D:$D,'Budget Summary'!$A41,Budget_marketing_pipeline!$C:$C,'Budget Summary'!C$3) -> 328 | D41: =SUMIFS(Budget_marketing_pipeline!$F:$F,Budget_marketing_pipeline!$D:$D,'Budget Summary'!$A41,Budget_marketing_pipeline!$C:$C,'Budget Summary'!D$3) -> 290 | E41: =SUMIFS(Budget_marketing_pipeline!$F:$F,Budget_marketing_pipeline!$D:$D,'Budget Summary'!$A41,Budget_marketing_pipeline!$C:$C,'Budget Summary'!E$3) -> 233 | F41: =SUMIFS(Budget_marketing_pipeline!$F:$F,Budget_marketing_pipeline!$D:$D,'Budget Summary'!$A41,Budget_marketing_pipeline!$C:$C,'Budget Summary'!F$3) -> 391 | G41: =SUMIFS(Budget_marketing_pipeline!$F:$F,Budget_marketing_pipeline!$D:$D,'Budget Summary'!$A41,Budget_marketing_pipeline!$C:$C,'Budget Summary'!G$3) -> 386 | H41: =SUMIFS(Budget_marketing_pipeline!$F:$F,Budget_marketing_pipeline!$D:$D,'Budget Summary'!$A41,Budget_marketing_pipeline!$C:$C,'Budget Summary'!H$3) -> 264 | I41: =SUMIFS(Budget_marketing_pipeline!$F:$F,Budget_marketing_pipeline!$D:$D,'Budget Summary'!$A41,Budget_marketing_pipeline!$C:$C,'Budget Summary'!I$3) -> 294 | ... M41: =SUMIFS(Budget_marketing_pipeline!$F:$F,Budget_marketing_pipeline!$D:$D,'Budget Summary'!$A41,Budget_marketing_pipeline!$C:$C,'Budget Summary'!M$3) -> 324 | O41: =SUMIFS($B41:$M41,$B$2:$M$2,O$3) -> 751 | P41: =SUMIFS($B41:$M41,$B$2:$M$2,P$3) -> 1010 | Q41: =SUMIFS($B41:$M41,$B$2:$M$2,Q$3) -> 743 | R41: =SUMIFS($B41:$M41,$B$2:$M$2,R$3) -> 950 | T41: =SUM(O41:R41) -> 3454
A42: Content Syndication | B42: =SUMIFS(Budget_marketing_pipeline!$F:$F,Budget_marketing_pipeline!$D:$D,'Budget Summary'!$A42,Budget_marketing_pipeline!$C:$C,'Budget Summary'!B$3) -> 174 | C42: =SUMIFS(Budget_marketing_pipeline!$F:$F,Budget_marketing_pipeline!$D:$D,'Budget Summary'!$A42,Budget_marketing_pipeline!$C:$C,'Budget Summary'!C$3) -> 313 | D42: =SUMIFS(Budget_marketing_pipeline!$F:$F,Budget_marketing_pipeline!$D:$D,'Budget Summary'!$A42,Budget_marketing_pipeline!$C:$C,'Budget Summary'!D$3) -> 135 | E42: =SUMIFS(Budget_marketing_pipeline!$F:$F,Budget_marketing_pipeline!$D:$D,'Budget Summary'!$A42,Budget_marketing_pipeline!$C:$C,'Budget Summary'!E$3) -> 162 | F42: =SUMIFS(Budget_marketing_pipeline!$F:$F,Budget_marketing_pipeline!$D:$D,'Budget Summary'!$A42,Budget_marketing_pipeline!$C:$C,'Budget Summary'!F$3) -> 125 | G42: =SUMIFS(Budget_marketing_pipeline!$F:$F,Budget_marketing_pipeline!$D:$D,'Budget Summary'!$A42,Budget_marketing_pipeline!$C:$C,'Budget Summary'!G$3) -> 327 | H42: =SUMIFS(Budget_marketing_pipeline!$F:$F,Budget_marketing_pipeline!$D:$D,'Budget Summary'!$A42,Budget_marketing_pipeline!$C:$C,'Budget Summary'!H$3) -> 366 | I42: =SUMIFS(Budget_marketing_pipeline!$F:$F,Budget_marketing_pipeline!$D:$D,'Budget Summary'!$A42,Budget_marketing_pipeline!$C:$C,'Budget Summary'!I$3) -> 121 | ... M42: =SUMIFS(Budget_marketing_pipeline!$F:$F,Budget_marketing_pipeline!$D:$D,'Budget Summary'!$A42,Budget_marketing_pipeline!$C:$C,'Budget Summary'!M$3) -> 314 | O42: =SUMIFS($B42:$M42,$B$2:$M$2,O$3) -> 622 | P42: =SUMIFS($B42:$M42,$B$2:$M$2,P$3) -> 614 | Q42: =SUMIFS($B42:$M42,$B$2:$M$2,Q$3) -> 683 | R42: =SUMIFS($B42:$M42,$B$2:$M$2,R$3) -> 1081 | T42: =SUM(O42:R42) -> 3000
A43: Outbound | B43: =SUMIFS(Budget_marketing_pipeline!$F:$F,Budget_marketing_pipeline!$D:$D,'Budget Summary'!$A43,Budget_marketing_pipeline!$C:$C,'Budget Summary'!B$3) -> 194 | C43: =SUMIFS(Budget_marketing_pipeline!$F:$F,Budget_marketing_pipeline!$D:$D,'Budget Summary'!$A43,Budget_marketing_pipeline!$C:$C,'Budget Summary'!C$3) -> 180 | D43: =SUMIFS(Budget_marketing_pipeline!$F:$F,Budget_marketing_pipeline!$D:$D,'Budget Summary'!$A43,Budget_marketing_pipeline!$C:$C,'Budget Summary'!D$3) -> 411 | E43: =SUMIFS(Budget_marketing_pipeline!$F:$F,Budget_marketing_pipeline!$D:$D,'Budget Summary'!$A43,Budget_marketing_pipeline!$C:$C,'Budget Summary'!E$3) -> 330 | F43: =SUMIFS(Budget_marketing_pipeline!$F:$F,Budget_marketing_pipeline!$D:$D,'Budget Summary'!$A43,Budget_marketing_pipeline!$C:$C,'Budget Summary'!F$3) -> 239 | G43: =SUMIFS(Budget_marketing_pipeline!$F:$F,Budget_marketing_pipeline!$D:$D,'Budget Summary'!$A43,Budget_marketing_pipeline!$C:$C,'Budget Summary'!G$3) -> 397 | H43: =SUMIFS(Budget_marketing_pipeline!$F:$F,Budget_marketing_pipeline!$D:$D,'Budget Summary'!$A43,Budget_marketing_pipeline!$C:$C,'Budget Summary'!H$3) -> 247 | I43: =SUMIFS(Budget_marketing_pipeline!$F:$F,Budget_marketing_pipeline!$D:$D,'Budget Summary'!$A43,Budget_marketing_pipeline!$C:$C,'Budget Summary'!I$3) -> 343 | ... M43: =SUMIFS(Budget_marketing_pipeline!$F:$F,Budget_marketing_pipeline!$D:$D,'Budget Summary'!$A43,Budget_marketing_pipeline!$C:$C,'Budget Summary'!M$3) -> 204 | O43: =SUMIFS($B43:$M43,$B$2:$M$2,O$3) -> 785 | P43: =SUMIFS($B43:$M43,$B$2:$M$2,P$3) -> 966 | Q43: =SUMIFS($B43:$M43,$B$2:$M$2,Q$3) -> 763 | R43: =SUMIFS($B43:$M43,$B$2:$M$2,R$3) -> 645 | T43: =SUM(O43:R43) -> 3159
A44: Customer Success | B44: =SUMIFS(Budget_marketing_pipeline!$F:$F,Budget_marketing_pipeline!$D:$D,'Budget Summary'!$A44,Budget_marketing_pipeline!$C:$C,'Budget Summary'!B$3) -> 0 | C44: =SUMIFS(Budget_marketing_pipeline!$F:$F,Budget_marketing_pipeline!$D:$D,'Budget Summary'!$A44,Budget_marketing_pipeline!$C:$C,'Budget Summary'!C$3) -> 0 | D44: =SUMIFS(Budget_marketing_pipeline!$F:$F,Budget_marketing_pipeline!$D:$D,'Budget Summary'!$A44,Budget_marketing_pipeline!$C:$C,'Budget Summary'!D$3) -> 0 | E44: =SUMIFS(Budget_marketing_pipeline!$F:$F,Budget_marketing_pipeline!$D:$D,'Budget Summary'!$A44,Budget_marketing_pipeline!$C:$C,'Budget Summary'!E$3) -> 0 | F44: =SUMIFS(Budget_marketing_pipeline!$F:$F,Budget_marketing_pipeline!$D:$D,'Budget Summary'!$A44,Budget_marketing_pipeline!$C:$C,'Budget Summary'!F$3) -> 0 | G44: =SUMIFS(Budget_marketing_pipeline!$F:$F,Budget_marketing_pipeline!$D:$D,'Budget Summary'!$A44,Budget_marketing_pipeline!$C:$C,'Budget Summary'!G$3) -> 0 | H44: =SUMIFS(Budget_marketing_pipeline!$F:$F,Budget_marketing_pipeline!$D:$D,'Budget Summary'!$A44,Budget_marketing_pipeline!$C:$C,'Budget Summary'!H$3) -> 0 | I44: =SUMIFS(Budget_marketing_pipeline!$F:$F,Budget_marketing_pipeline!$D:$D,'Budget Summary'!$A44,Budget_marketing_pipeline!$C:$C,'Budget Summary'!I$3) -> 0 | ... M44: =SUMIFS(Budget_marketing_pipeline!$F:$F,Budget_marketing_pipeline!$D:$D,'Budget Summary'!$A44,Budget_marketing_pipeline!$C:$C,'Budget Summary'!M$3) -> 0 | O44: =SUMIFS($B44:$M44,$B$2:$M$2,O$3) -> 0 | P44: =SUMIFS($B44:$M44,$B$2:$M$2,P$3) -> 0 | Q44: =SUMIFS($B44:$M44,$B$2:$M$2,Q$3) -> 0 | R44: =SUMIFS($B44:$M44,$B$2:$M$2,R$3) -> 0 | T44: =SUM(O44:R44) -> 0
A45: Total | B45: =SUM(B34:B44) -> 2371 | C45: =SUM(C34:C44) -> 2689 | D45: =SUM(D34:D44) -> 2622 | E45: =SUM(E34:E44) -> 2592 | F45: =SUM(F34:F44) -> 2647 | G45: =SUM(G34:G44) -> 3109 | H45: =SUM(H34:H44) -> 3098 | I45: =SUM(I34:I44) -> 2205 | ... M45: =SUM(M34:M44) -> 2895 | O45: =SUMIFS($B45:$M45,$B$2:$M$2,O$3) -> 7682 | P45: =SUMIFS($B45:$M45,$B$2:$M$2,P$3) -> 8348 | Q45: =SUMIFS($B45:$M45,$B$2:$M$2,Q$3) -> 7411 | R45: =SUMIFS($B45:$M45,$B$2:$M$2,R$3) -> 8906 | T45: =SUM(O45:R45) -> 32347
A47: SAL | B47: Q1 | C47: Q1 | D47: Q1 | E47: Q2 | F47: Q2 | G47: Q2 | H47: Q3 | I47: Q3 | J47: Q3 | K47: Q4 | L47: Q4 | M47: Q4
A48: marketing_channel | B48: 2026-01 | C48: 2026-02 | D48: 2026-03 | E48: 2026-04 | F48: 2026-05 | G48: 2026-06 | H48: 2026-07 | I48: 2026-08 | J48: 2026-09 | K48: 2026-10 | L48: 2026-11 | M48: 2026-12 | O48: Q1 | P48: Q2 | Q48: Q3 | R48: Q4 | T48: FY26
A49: Paid Search | B49: =SUMIFS(Budget_marketing_pipeline!$G:$G,Budget_marketing_pipeline!$D:$D,'Budget Summary'!$A49,Budget_marketing_pipeline!$C:$C,'Budget Summary'!B$3) -> 108 | C49: =SUMIFS(Budget_marketing_pipeline!$G:$G,Budget_marketing_pipeline!$D:$D,'Budget Summary'!$A49,Budget_marketing_pipeline!$C:$C,'Budget Summary'!C$3) -> 86 | D49: =SUMIFS(Budget_marketing_pipeline!$G:$G,Budget_marketing_pipeline!$D:$D,'Budget Summary'!$A49,Budget_marketing_pipeline!$C:$C,'Budget Summary'!D$3) -> 67 | E49: =SUMIFS(Budget_marketing_pipeline!$G:$G,Budget_marketing_pipeline!$D:$D,'Budget Summary'!$A49,Budget_marketing_pipeline!$C:$C,'Budget Summary'!E$3) -> 173 | F49: =SUMIFS(Budget_marketing_pipeline!$G:$G,Budget_marketing_pipeline!$D:$D,'Budget Summary'!$A49,Budget_marketing_pipeline!$C:$C,'Budget Summary'!F$3) -> 120 | G49: =SUMIFS(Budget_marketing_pipeline!$G:$G,Budget_marketing_pipeline!$D:$D,'Budget Summary'!$A49,Budget_marketing_pipeline!$C:$C,'Budget Summary'!G$3) -> 157 | H49: =SUMIFS(Budget_marketing_pipeline!$G:$G,Budget_marketing_pipeline!$D:$D,'Budget Summary'!$A49,Budget_marketing_pipeline!$C:$C,'Budget Summary'!H$3) -> 97 | I49: =SUMIFS(Budget_marketing_pipeline!$G:$G,Budget_marketing_pipeline!$D:$D,'Budget Summary'!$A49,Budget_marketing_pipeline!$C:$C,'Budget Summary'!I$3) -> 95 | ... M49: =SUMIFS(Budget_marketing_pipeline!$G:$G,Budget_marketing_pipeline!$D:$D,'Budget Summary'!$A49,Budget_marketing_pipeline!$C:$C,'Budget Summary'!M$3) -> 127 | O49: =SUMIFS($B49:$M49,$B$2:$M$2,O$3) -> 261 | P49: =SUMIFS($B49:$M49,$B$2:$M$2,P$3) -> 450 | Q49: =SUMIFS($B49:$M49,$B$2:$M$2,Q$3) -> 260 | R49: =SUMIFS($B49:$M49,$B$2:$M$2,R$3) -> 284 | T49: =SUM(O49:R49) -> 1255
A50: Paid Social | B50: =SUMIFS(Budget_marketing_pipeline!$G:$G,Budget_marketing_pipeline!$D:$D,'Budget Summary'!$A50,Budget_marketing_pipeline!$C:$C,'Budget Summary'!B$3) -> 98 | C50: =SUMIFS(Budget_marketing_pipeline!$G:$G,Budget_marketing_pipeline!$D:$D,'Budget Summary'!$A50,Budget_marketing_pipeline!$C:$C,'Budget Summary'!C$3) -> 48 | D50: =SUMIFS(Budget_marketing_pipeline!$G:$G,Budget_marketing_pipeline!$D:$D,'Budget Summary'!$A50,Budget_marketing_pipeline!$C:$C,'Budget Summary'!D$3) -> 158 | E50: =SUMIFS(Budget_marketing_pipeline!$G:$G,Budget_marketing_pipeline!$D:$D,'Budget Summary'!$A50,Budget_marketing_pipeline!$C:$C,'Budget Summary'!E$3) -> 119 | F50: =SUMIFS(Budget_marketing_pipeline!$G:$G,Budget_marketing_pipeline!$D:$D,'Budget Summary'!$A50,Budget_marketing_pipeline!$C:$C,'Budget Summary'!F$3) -> 98 | G50: =SUMIFS(Budget_marketing_pipeline!$G:$G,Budget_marketing_pipeline!$D:$D,'Budget Summary'!$A50,Budget_marketing_pipeline!$C:$C,'Budget Summary'!G$3) -> 29 | H50: =SUMIFS(Budget_marketing_pipeline!$G:$G,Budget_marketing_pipeline!$D:$D,'Budget Summary'!$A50,Budget_marketing_pipeline!$C:$C,'Budget Summary'!H$3) -> 75 | I50: =SUMIFS(Budget_marketing_pipeline!$G:$G,Budget_marketing_pipeline!$D:$D,'Budget Summary'!$A50,Budget_marketing_pipeline!$C:$C,'Budget Summary'!I$3) -> 75 | ... M50: =SUMIFS(Budget_marketing_pipeline!$G:$G,Budget_marketing_pipeline!$D:$D,'Budget Summary'!$A50,Budget_marketing_pipeline!$C:$C,'Budget Summary'!M$3) -> 44 | O50: =SUMIFS($B50:$M50,$B$2:$M$2,O$3) -> 304 | P50: =SUMIFS($B50:$M50,$B$2:$M$2,P$3) -> 246 | Q50: =SUMIFS($B50:$M50,$B$2:$M$2,Q$3) -> 231 | R50: =SUMIFS($B50:$M50,$B$2:$M$2,R$3) -> 219 | T50: =SUM(O50:R50) -> 1000
A51: Organic Search | B51: =SUMIFS(Budget_marketing_pipeline!$G:$G,Budget_marketing_pipeline!$D:$D,'Budget Summary'!$A51,Budget_marketing_pipeline!$C:$C,'Budget Summary'!B$3) -> 109 | C51: =SUMIFS(Budget_marketing_pipeline!$G:$G,Budget_marketing_pipeline!$D:$D,'Budget Summary'!$A51,Budget_marketing_pipeline!$C:$C,'Budget Summary'!C$3) -> 83 | D51: =SUMIFS(Budget_marketing_pipeline!$G:$G,Budget_marketing_pipeline!$D:$D,'Budget Summary'!$A51,Budget_marketing_pipeline!$C:$C,'Budget Summary'!D$3) -> 94 | E51: =SUMIFS(Budget_marketing_pipeline!$G:$G,Budget_marketing_pipeline!$D:$D,'Budget Summary'!$A51,Budget_marketing_pipeline!$C:$C,'Budget Summary'!E$3) -> 37 | F51: =SUMIFS(Budget_marketing_pipeline!$G:$G,Budget_marketing_pipeline!$D:$D,'Budget Summary'!$A51,Budget_marketing_pipeline!$C:$C,'Budget Summary'!F$3) -> 100 | G51: =SUMIFS(Budget_marketing_pipeline!$G:$G,Budget_marketing_pipeline!$D:$D,'Budget Summary'!$A51,Budget_marketing_pipeline!$C:$C,'Budget Summary'!G$3) -> 150 | H51: =SUMIFS(Budget_marketing_pipeline!$G:$G,Budget_marketing_pipeline!$D:$D,'Budget Summary'!$A51,Budget_marketing_pipeline!$C:$C,'Budget Summary'!H$3) -> 72 | I51: =SUMIFS(Budget_marketing_pipeline!$G:$G,Budget_marketing_pipeline!$D:$D,'Budget Summary'!$A51,Budget_marketing_pipeline!$C:$C,'Budget Summary'!I$3) -> 66 | ... M51: =SUMIFS(Budget_marketing_pipeline!$G:$G,Budget_marketing_pipeline!$D:$D,'Budget Summary'!$A51,Budget_marketing_pipeline!$C:$C,'Budget Summary'!M$3) -> 181 | O51: =SUMIFS($B51:$M51,$B$2:$M$2,O$3) -> 286 | P51: =SUMIFS($B51:$M51,$B$2:$M$2,P$3) -> 287 | Q51: =SUMIFS($B51:$M51,$B$2:$M$2,Q$3) -> 233 | R51: =SUMIFS($B51:$M51,$B$2:$M$2,R$3) -> 433 | T51: =SUM(O51:R51) -> 1239
A52: Partner | B52: =SUMIFS(Budget_marketing_pipeline!$G:$G,Budget_marketing_pipeline!$D:$D,'Budget Summary'!$A52,Budget_marketing_pipeline!$C:$C,'Budget Summary'!B$3) -> 153 | C52: =SUMIFS(Budget_marketing_pipeline!$G:$G,Budget_marketing_pipeline!$D:$D,'Budget Summary'!$A52,Budget_marketing_pipeline!$C:$C,'Budget Summary'!C$3) -> 92 | D52: =SUMIFS(Budget_marketing_pipeline!$G:$G,Budget_marketing_pipeline!$D:$D,'Budget Summary'!$A52,Budget_marketing_pipeline!$C:$C,'Budget Summary'!D$3) -> 50 | E52: =SUMIFS(Budget_marketing_pipeline!$G:$G,Budget_marketing_pipeline!$D:$D,'Budget Summary'!$A52,Budget_marketing_pipeline!$C:$C,'Budget Summary'!E$3) -> 101 | F52: =SUMIFS(Budget_marketing_pipeline!$G:$G,Budget_marketing_pipeline!$D:$D,'Budget Summary'!$A52,Budget_marketing_pipeline!$C:$C,'Budget Summary'!F$3) -> 44 | G52: =SUMIFS(Budget_marketing_pipeline!$G:$G,Budget_marketing_pipeline!$D:$D,'Budget Summary'!$A52,Budget_marketing_pipeline!$C:$C,'Budget Summary'!G$3) -> 99 | H52: =SUMIFS(Budget_marketing_pipeline!$G:$G,Budget_marketing_pipeline!$D:$D,'Budget Summary'!$A52,Budget_marketing_pipeline!$C:$C,'Budget Summary'!H$3) -> 188 | I52: =SUMIFS(Budget_marketing_pipeline!$G:$G,Budget_marketing_pipeline!$D:$D,'Budget Summary'!$A52,Budget_marketing_pipeline!$C:$C,'Budget Summary'!I$3) -> 51 | ... M52: =SUMIFS(Budget_marketing_pipeline!$G:$G,Budget_marketing_pipeline!$D:$D,'Budget Summary'!$A52,Budget_marketing_pipeline!$C:$C,'Budget Summary'!M$3) -> 111 | O52: =SUMIFS($B52:$M52,$B$2:$M$2,O$3) -> 295 | P52: =SUMIFS($B52:$M52,$B$2:$M$2,P$3) -> 244 | Q52: =SUMIFS($B52:$M52,$B$2:$M$2,Q$3) -> 318 | R52: =SUMIFS($B52:$M52,$B$2:$M$2,R$3) -> 390 | T52: =SUM(O52:R52) -> 1247
A53: Webinar | B53: =SUMIFS(Budget_marketing_pipeline!$G:$G,Budget_marketing_pipeline!$D:$D,'Budget Summary'!$A53,Budget_marketing_pipeline!$C:$C,'Budget Summary'!B$3) -> 38 | C53: =SUMIFS(Budget_marketing_pipeline!$G:$G,Budget_marketing_pipeline!$D:$D,'Budget Summary'!$A53,Budget_marketing_pipeline!$C:$C,'Budget Summary'!C$3) -> 101 | D53: =SUMIFS(Budget_marketing_pipeline!$G:$G,Budget_marketing_pipeline!$D:$D,'Budget Summary'!$A53,Budget_marketing_pipeline!$C:$C,'Budget Summary'!D$3) -> 39 | E53: =SUMIFS(Budget_marketing_pipeline!$G:$G,Budget_marketing_pipeline!$D:$D,'Budget Summary'!$A53,Budget_marketing_pipeline!$C:$C,'Budget Summary'!E$3) -> 155 | F53: =SUMIFS(Budget_marketing_pipeline!$G:$G,Budget_marketing_pipeline!$D:$D,'Budget Summary'!$A53,Budget_marketing_pipeline!$C:$C,'Budget Summary'!F$3) -> 50 | G53: =SUMIFS(Budget_marketing_pipeline!$G:$G,Budget_marketing_pipeline!$D:$D,'Budget Summary'!$A53,Budget_marketing_pipeline!$C:$C,'Budget Summary'!G$3) -> 39 | H53: =SUMIFS(Budget_marketing_pipeline!$G:$G,Budget_marketing_pipeline!$D:$D,'Budget Summary'!$A53,Budget_marketing_pipeline!$C:$C,'Budget Summary'!H$3) -> 108 | I53: =SUMIFS(Budget_marketing_pipeline!$G:$G,Budget_marketing_pipeline!$D:$D,'Budget Summary'!$A53,Budget_marketing_pipeline!$C:$C,'Budget Summary'!I$3) -> 54 | ... M53: =SUMIFS(Budget_marketing_pipeline!$G:$G,Budget_marketing_pipeline!$D:$D,'Budget Summary'!$A53,Budget_marketing_pipeline!$C:$C,'Budget Summary'!M$3) -> 77 | O53: =SUMIFS($B53:$M53,$B$2:$M$2,O$3) -> 178 | P53: =SUMIFS($B53:$M53,$B$2:$M$2,P$3) -> 244 | Q53: =SUMIFS($B53:$M53,$B$2:$M$2,Q$3) -> 205 | R53: =SUMIFS($B53:$M53,$B$2:$M$2,R$3) -> 256 | T53: =SUM(O53:R53) -> 883
A54: Field Event | B54: =SUMIFS(Budget_marketing_pipeline!$G:$G,Budget_marketing_pipeline!$D:$D,'Budget Summary'!$A54,Budget_marketing_pipeline!$C:$C,'Budget Summary'!B$3) -> 79 | C54: =SUMIFS(Budget_marketing_pipeline!$G:$G,Budget_marketing_pipeline!$D:$D,'Budget Summary'!$A54,Budget_marketing_pipeline!$C:$C,'Budget Summary'!C$3) -> 88 | D54: =SUMIFS(Budget_marketing_pipeline!$G:$G,Budget_marketing_pipeline!$D:$D,'Budget Summary'!$A54,Budget_marketing_pipeline!$C:$C,'Budget Summary'!D$3) -> 62 | E54: =SUMIFS(Budget_marketing_pipeline!$G:$G,Budget_marketing_pipeline!$D:$D,'Budget Summary'!$A54,Budget_marketing_pipeline!$C:$C,'Budget Summary'!E$3) -> 53 | F54: =SUMIFS(Budget_marketing_pipeline!$G:$G,Budget_marketing_pipeline!$D:$D,'Budget Summary'!$A54,Budget_marketing_pipeline!$C:$C,'Budget Summary'!F$3) -> 174 | G54: =SUMIFS(Budget_marketing_pipeline!$G:$G,Budget_marketing_pipeline!$D:$D,'Budget Summary'!$A54,Budget_marketing_pipeline!$C:$C,'Budget Summary'!G$3) -> 62 | H54: =SUMIFS(Budget_marketing_pipeline!$G:$G,Budget_marketing_pipeline!$D:$D,'Budget Summary'!$A54,Budget_marketing_pipeline!$C:$C,'Budget Summary'!H$3) -> 81 | I54: =SUMIFS(Budget_marketing_pipeline!$G:$G,Budget_marketing_pipeline!$D:$D,'Budget Summary'!$A54,Budget_marketing_pipeline!$C:$C,'Budget Summary'!I$3) -> 129 | ... M54: =SUMIFS(Budget_marketing_pipeline!$G:$G,Budget_marketing_pipeline!$D:$D,'Budget Summary'!$A54,Budget_marketing_pipeline!$C:$C,'Budget Summary'!M$3) -> 101 | O54: =SUMIFS($B54:$M54,$B$2:$M$2,O$3) -> 229 | P54: =SUMIFS($B54:$M54,$B$2:$M$2,P$3) -> 289 | Q54: =SUMIFS($B54:$M54,$B$2:$M$2,Q$3) -> 320 | R54: =SUMIFS($B54:$M54,$B$2:$M$2,R$3) -> 313 | T54: =SUM(O54:R54) -> 1151
A55: Referral | B55: =SUMIFS(Budget_marketing_pipeline!$G:$G,Budget_marketing_pipeline!$D:$D,'Budget Summary'!$A55,Budget_marketing_pipeline!$C:$C,'Budget Summary'!B$3) -> 121 | C55: =SUMIFS(Budget_marketing_pipeline!$G:$G,Budget_marketing_pipeline!$D:$D,'Budget Summary'!$A55,Budget_marketing_pipeline!$C:$C,'Budget Summary'!C$3) -> 87 | D55: =SUMIFS(Budget_marketing_pipeline!$G:$G,Budget_marketing_pipeline!$D:$D,'Budget Summary'!$A55,Budget_marketing_pipeline!$C:$C,'Budget Summary'!D$3) -> 144 | E55: =SUMIFS(Budget_marketing_pipeline!$G:$G,Budget_marketing_pipeline!$D:$D,'Budget Summary'!$A55,Budget_marketing_pipeline!$C:$C,'Budget Summary'!E$3) -> 34 | F55: =SUMIFS(Budget_marketing_pipeline!$G:$G,Budget_marketing_pipeline!$D:$D,'Budget Summary'!$A55,Budget_marketing_pipeline!$C:$C,'Budget Summary'!F$3) -> 66 | G55: =SUMIFS(Budget_marketing_pipeline!$G:$G,Budget_marketing_pipeline!$D:$D,'Budget Summary'!$A55,Budget_marketing_pipeline!$C:$C,'Budget Summary'!G$3) -> 108 | H55: =SUMIFS(Budget_marketing_pipeline!$G:$G,Budget_marketing_pipeline!$D:$D,'Budget Summary'!$A55,Budget_marketing_pipeline!$C:$C,'Budget Summary'!H$3) -> 176 | I55: =SUMIFS(Budget_marketing_pipeline!$G:$G,Budget_marketing_pipeline!$D:$D,'Budget Summary'!$A55,Budget_marketing_pipeline!$C:$C,'Budget Summary'!I$3) -> 63 | ... M55: =SUMIFS(Budget_marketing_pipeline!$G:$G,Budget_marketing_pipeline!$D:$D,'Budget Summary'!$A55,Budget_marketing_pipeline!$C:$C,'Budget Summary'!M$3) -> 115 | O55: =SUMIFS($B55:$M55,$B$2:$M$2,O$3) -> 352 | P55: =SUMIFS($B55:$M55,$B$2:$M$2,P$3) -> 208 | Q55: =SUMIFS($B55:$M55,$B$2:$M$2,Q$3) -> 323 | R55: =SUMIFS($B55:$M55,$B$2:$M$2,R$3) -> 312 | T55: =SUM(O55:R55) -> 1195
A56: Direct | B56: =SUMIFS(Budget_marketing_pipeline!$G:$G,Budget_marketing_pipeline!$D:$D,'Budget Summary'!$A56,Budget_marketing_pipeline!$C:$C,'Budget Summary'!B$3) -> 51 | C56: =SUMIFS(Budget_marketing_pipeline!$G:$G,Budget_marketing_pipeline!$D:$D,'Budget Summary'!$A56,Budget_marketing_pipeline!$C:$C,'Budget Summary'!C$3) -> 85 | D56: =SUMIFS(Budget_marketing_pipeline!$G:$G,Budget_marketing_pipeline!$D:$D,'Budget Summary'!$A56,Budget_marketing_pipeline!$C:$C,'Budget Summary'!D$3) -> 118 | E56: =SUMIFS(Budget_marketing_pipeline!$G:$G,Budget_marketing_pipeline!$D:$D,'Budget Summary'!$A56,Budget_marketing_pipeline!$C:$C,'Budget Summary'!E$3) -> 78 | F56: =SUMIFS(Budget_marketing_pipeline!$G:$G,Budget_marketing_pipeline!$D:$D,'Budget Summary'!$A56,Budget_marketing_pipeline!$C:$C,'Budget Summary'!F$3) -> 175 | G56: =SUMIFS(Budget_marketing_pipeline!$G:$G,Budget_marketing_pipeline!$D:$D,'Budget Summary'!$A56,Budget_marketing_pipeline!$C:$C,'Budget Summary'!G$3) -> 142 | H56: =SUMIFS(Budget_marketing_pipeline!$G:$G,Budget_marketing_pipeline!$D:$D,'Budget Summary'!$A56,Budget_marketing_pipeline!$C:$C,'Budget Summary'!H$3) -> 64 | I56: =SUMIFS(Budget_marketing_pipeline!$G:$G,Budget_marketing_pipeline!$D:$D,'Budget Summary'!$A56,Budget_marketing_pipeline!$C:$C,'Budget Summary'!I$3) -> 125 | ... M56: =SUMIFS(Budget_marketing_pipeline!$G:$G,Budget_marketing_pipeline!$D:$D,'Budget Summary'!$A56,Budget_marketing_pipeline!$C:$C,'Budget Summary'!M$3) -> 94 | O56: =SUMIFS($B56:$M56,$B$2:$M$2,O$3) -> 254 | P56: =SUMIFS($B56:$M56,$B$2:$M$2,P$3) -> 395 | Q56: =SUMIFS($B56:$M56,$B$2:$M$2,Q$3) -> 246 | R56: =SUMIFS($B56:$M56,$B$2:$M$2,R$3) -> 328 | T56: =SUM(O56:R56) -> 1223
A57: Content Syndication | B57: =SUMIFS(Budget_marketing_pipeline!$G:$G,Budget_marketing_pipeline!$D:$D,'Budget Summary'!$A57,Budget_marketing_pipeline!$C:$C,'Budget Summary'!B$3) -> 48 | C57: =SUMIFS(Budget_marketing_pipeline!$G:$G,Budget_marketing_pipeline!$D:$D,'Budget Summary'!$A57,Budget_marketing_pipeline!$C:$C,'Budget Summary'!C$3) -> 105 | D57: =SUMIFS(Budget_marketing_pipeline!$G:$G,Budget_marketing_pipeline!$D:$D,'Budget Summary'!$A57,Budget_marketing_pipeline!$C:$C,'Budget Summary'!D$3) -> 54 | E57: =SUMIFS(Budget_marketing_pipeline!$G:$G,Budget_marketing_pipeline!$D:$D,'Budget Summary'!$A57,Budget_marketing_pipeline!$C:$C,'Budget Summary'!E$3) -> 49 | F57: =SUMIFS(Budget_marketing_pipeline!$G:$G,Budget_marketing_pipeline!$D:$D,'Budget Summary'!$A57,Budget_marketing_pipeline!$C:$C,'Budget Summary'!F$3) -> 52 | G57: =SUMIFS(Budget_marketing_pipeline!$G:$G,Budget_marketing_pipeline!$D:$D,'Budget Summary'!$A57,Budget_marketing_pipeline!$C:$C,'Budget Summary'!G$3) -> 146 | H57: =SUMIFS(Budget_marketing_pipeline!$G:$G,Budget_marketing_pipeline!$D:$D,'Budget Summary'!$A57,Budget_marketing_pipeline!$C:$C,'Budget Summary'!H$3) -> 151 | I57: =SUMIFS(Budget_marketing_pipeline!$G:$G,Budget_marketing_pipeline!$D:$D,'Budget Summary'!$A57,Budget_marketing_pipeline!$C:$C,'Budget Summary'!I$3) -> 54 | ... M57: =SUMIFS(Budget_marketing_pipeline!$G:$G,Budget_marketing_pipeline!$D:$D,'Budget Summary'!$A57,Budget_marketing_pipeline!$C:$C,'Budget Summary'!M$3) -> 93 | O57: =SUMIFS($B57:$M57,$B$2:$M$2,O$3) -> 207 | P57: =SUMIFS($B57:$M57,$B$2:$M$2,P$3) -> 247 | Q57: =SUMIFS($B57:$M57,$B$2:$M$2,Q$3) -> 289 | R57: =SUMIFS($B57:$M57,$B$2:$M$2,R$3) -> 351 | T57: =SUM(O57:R57) -> 1094
A58: Outbound | B58: =SUMIFS(Budget_marketing_pipeline!$G:$G,Budget_marketing_pipeline!$D:$D,'Budget Summary'!$A58,Budget_marketing_pipeline!$C:$C,'Budget Summary'!B$3) -> 51 | C58: =SUMIFS(Budget_marketing_pipeline!$G:$G,Budget_marketing_pipeline!$D:$D,'Budget Summary'!$A58,Budget_marketing_pipeline!$C:$C,'Budget Summary'!C$3) -> 61 | D58: =SUMIFS(Budget_marketing_pipeline!$G:$G,Budget_marketing_pipeline!$D:$D,'Budget Summary'!$A58,Budget_marketing_pipeline!$C:$C,'Budget Summary'!D$3) -> 159 | E58: =SUMIFS(Budget_marketing_pipeline!$G:$G,Budget_marketing_pipeline!$D:$D,'Budget Summary'!$A58,Budget_marketing_pipeline!$C:$C,'Budget Summary'!E$3) -> 99 | F58: =SUMIFS(Budget_marketing_pipeline!$G:$G,Budget_marketing_pipeline!$D:$D,'Budget Summary'!$A58,Budget_marketing_pipeline!$C:$C,'Budget Summary'!F$3) -> 79 | G58: =SUMIFS(Budget_marketing_pipeline!$G:$G,Budget_marketing_pipeline!$D:$D,'Budget Summary'!$A58,Budget_marketing_pipeline!$C:$C,'Budget Summary'!G$3) -> 179 | H58: =SUMIFS(Budget_marketing_pipeline!$G:$G,Budget_marketing_pipeline!$D:$D,'Budget Summary'!$A58,Budget_marketing_pipeline!$C:$C,'Budget Summary'!H$3) -> 85 | I58: =SUMIFS(Budget_marketing_pipeline!$G:$G,Budget_marketing_pipeline!$D:$D,'Budget Summary'!$A58,Budget_marketing_pipeline!$C:$C,'Budget Summary'!I$3) -> 155 | ... M58: =SUMIFS(Budget_marketing_pipeline!$G:$G,Budget_marketing_pipeline!$D:$D,'Budget Summary'!$A58,Budget_marketing_pipeline!$C:$C,'Budget Summary'!M$3) -> 58 | O58: =SUMIFS($B58:$M58,$B$2:$M$2,O$3) -> 271 | P58: =SUMIFS($B58:$M58,$B$2:$M$2,P$3) -> 357 | Q58: =SUMIFS($B58:$M58,$B$2:$M$2,Q$3) -> 309 | R58: =SUMIFS($B58:$M58,$B$2:$M$2,R$3) -> 201 | T58: =SUM(O58:R58) -> 1138
A59: Customer Success | B59: =SUMIFS(Budget_marketing_pipeline!$G:$G,Budget_marketing_pipeline!$D:$D,'Budget Summary'!$A59,Budget_marketing_pipeline!$C:$C,'Budget Summary'!B$3) -> 0 | C59: =SUMIFS(Budget_marketing_pipeline!$G:$G,Budget_marketing_pipeline!$D:$D,'Budget Summary'!$A59,Budget_marketing_pipeline!$C:$C,'Budget Summary'!C$3) -> 0 | D59: =SUMIFS(Budget_marketing_pipeline!$G:$G,Budget_marketing_pipeline!$D:$D,'Budget Summary'!$A59,Budget_marketing_pipeline!$C:$C,'Budget Summary'!D$3) -> 0 | E59: =SUMIFS(Budget_marketing_pipeline!$G:$G,Budget_marketing_pipeline!$D:$D,'Budget Summary'!$A59,Budget_marketing_pipeline!$C:$C,'Budget Summary'!E$3) -> 0 | F59: =SUMIFS(Budget_marketing_pipeline!$G:$G,Budget_marketing_pipeline!$D:$D,'Budget Summary'!$A59,Budget_marketing_pipeline!$C:$C,'Budget Summary'!F$3) -> 0 | G59: =SUMIFS(Budget_marketing_pipeline!$G:$G,Budget_marketing_pipeline!$D:$D,'Budget Summary'!$A59,Budget_marketing_pipeline!$C:$C,'Budget Summary'!G$3) -> 0 | H59: =SUMIFS(Budget_marketing_pipeline!$G:$G,Budget_marketing_pipeline!$D:$D,'Budget Summary'!$A59,Budget_marketing_pipeline!$C:$C,'Budget Summary'!H$3) -> 0 | I59: =SUMIFS(Budget_marketing_pipeline!$G:$G,Budget_marketing_pipeline!$D:$D,'Budget Summary'!$A59,Budget_marketing_pipeline!$C:$C,'Budget Summary'!I$3) -> 0 | ... M59: =SUMIFS(Budget_marketing_pipeline!$G:$G,Budget_marketing_pipeline!$D:$D,'Budget Summary'!$A59,Budget_marketing_pipeline!$C:$C,'Budget Summary'!M$3) -> 0 | O59: =SUMIFS($B59:$M59,$B$2:$M$2,O$3) -> 0 | P59: =SUMIFS($B59:$M59,$B$2:$M$2,P$3) -> 0 | Q59: =SUMIFS($B59:$M59,$B$2:$M$2,Q$3) -> 0 | R59: =SUMIFS($B59:$M59,$B$2:$M$2,R$3) -> 0 | T59: =SUM(O59:R59) -> 0
A60: Total | B60: =SUM(B49:B59) -> 856 | C60: =SUM(C49:C59) -> 836 | D60: =SUM(D49:D59) -> 945 | E60: =SUM(E49:E59) -> 898 | F60: =SUM(F49:F59) -> 958 | G60: =SUM(G49:G59) -> 1111 | H60: =SUM(H49:H59) -> 1097 | I60: =SUM(I49:I59) -> 867 | ... M60: =SUM(M49:M59) -> 1001 | O60: =SUMIFS($B60:$M60,$B$2:$M$2,O$3) -> 2637 | P60: =SUMIFS($B60:$M60,$B$2:$M$2,P$3) -> 2967 | Q60: =SUMIFS($B60:$M60,$B$2:$M$2,Q$3) -> 2734 | R60: =SUMIFS($B60:$M60,$B$2:$M$2,R$3) -> 3087 | T60: =SUM(O60:R60) -> 11425
A62: Opportunities | B62: Q1 | C62: Q1 | D62: Q1 | E62: Q2 | F62: Q2 | G62: Q2 | H62: Q3 | I62: Q3 | J62: Q3 | K62: Q4 | L62: Q4 | M62: Q4
A63: marketing_channel | B63: 2026-01 | C63: 2026-02 | D63: 2026-03 | E63: 2026-04 | F63: 2026-05 | G63: 2026-06 | H63: 2026-07 | I63: 2026-08 | J63: 2026-09 | K63: 2026-10 | L63: 2026-11 | M63: 2026-12 | O63: Q1 | P63: Q2 | Q63: Q3 | R63: Q4 | T63: FY26
A64: Paid Search | B64: =SUMIFS(Budget_marketing_pipeline!$G:$G,Budget_marketing_pipeline!$D:$D,'Budget Summary'!$A64,Budget_marketing_pipeline!$C:$C,'Budget Summary'!B$3) -> 108 | C64: =SUMIFS(Budget_marketing_pipeline!$G:$G,Budget_marketing_pipeline!$D:$D,'Budget Summary'!$A64,Budget_marketing_pipeline!$C:$C,'Budget Summary'!C$3) -> 86 | D64: =SUMIFS(Budget_marketing_pipeline!$G:$G,Budget_marketing_pipeline!$D:$D,'Budget Summary'!$A64,Budget_marketing_pipeline!$C:$C,'Budget Summary'!D$3) -> 67 | E64: =SUMIFS(Budget_marketing_pipeline!$G:$G,Budget_marketing_pipeline!$D:$D,'Budget Summary'!$A64,Budget_marketing_pipeline!$C:$C,'Budget Summary'!E$3) -> 173 | F64: =SUMIFS(Budget_marketing_pipeline!$G:$G,Budget_marketing_pipeline!$D:$D,'Budget Summary'!$A64,Budget_marketing_pipeline!$C:$C,'Budget Summary'!F$3) -> 120 | G64: =SUMIFS(Budget_marketing_pipeline!$G:$G,Budget_marketing_pipeline!$D:$D,'Budget Summary'!$A64,Budget_marketing_pipeline!$C:$C,'Budget Summary'!G$3) -> 157 | H64: =SUMIFS(Budget_marketing_pipeline!$G:$G,Budget_marketing_pipeline!$D:$D,'Budget Summary'!$A64,Budget_marketing_pipeline!$C:$C,'Budget Summary'!H$3) -> 97 | I64: =SUMIFS(Budget_marketing_pipeline!$G:$G,Budget_marketing_pipeline!$D:$D,'Budget Summary'!$A64,Budget_marketing_pipeline!$C:$C,'Budget Summary'!I$3) -> 95 | ... M64: =SUMIFS(Budget_marketing_pipeline!$G:$G,Budget_marketing_pipeline!$D:$D,'Budget Summary'!$A64,Budget_marketing_pipeline!$C:$C,'Budget Summary'!M$3) -> 127 | O64: =SUMIFS($B64:$M64,$B$2:$M$2,O$3) -> 261 | P64: =SUMIFS($B64:$M64,$B$2:$M$2,P$3) -> 450 | Q64: =SUMIFS($B64:$M64,$B$2:$M$2,Q$3) -> 260 | R64: =SUMIFS($B64:$M64,$B$2:$M$2,R$3) -> 284 | T64: =SUM(O64:R64) -> 1255
A65: Paid Social | B65: =SUMIFS(Budget_marketing_pipeline!$G:$G,Budget_marketing_pipeline!$D:$D,'Budget Summary'!$A65,Budget_marketing_pipeline!$C:$C,'Budget Summary'!B$3) -> 98 | C65: =SUMIFS(Budget_marketing_pipeline!$G:$G,Budget_marketing_pipeline!$D:$D,'Budget Summary'!$A65,Budget_marketing_pipeline!$C:$C,'Budget Summary'!C$3) -> 48 | D65: =SUMIFS(Budget_marketing_pipeline!$G:$G,Budget_marketing_pipeline!$D:$D,'Budget Summary'!$A65,Budget_marketing_pipeline!$C:$C,'Budget Summary'!D$3) -> 158 | E65: =SUMIFS(Budget_marketing_pipeline!$G:$G,Budget_marketing_pipeline!$D:$D,'Budget Summary'!$A65,Budget_marketing_pipeline!$C:$C,'Budget Summary'!E$3) -> 119 | F65: =SUMIFS(Budget_marketing_pipeline!$G:$G,Budget_marketing_pipeline!$D:$D,'Budget Summary'!$A65,Budget_marketing_pipeline!$C:$C,'Budget Summary'!F$3) -> 98 | G65: =SUMIFS(Budget_marketing_pipeline!$G:$G,Budget_marketing_pipeline!$D:$D,'Budget Summary'!$A65,Budget_marketing_pipeline!$C:$C,'Budget Summary'!G$3) -> 29 | H65: =SUMIFS(Budget_marketing_pipeline!$G:$G,Budget_marketing_pipeline!$D:$D,'Budget Summary'!$A65,Budget_marketing_pipeline!$C:$C,'Budget Summary'!H$3) -> 75 | I65: =SUMIFS(Budget_marketing_pipeline!$G:$G,Budget_marketing_pipeline!$D:$D,'Budget Summary'!$A65,Budget_marketing_pipeline!$C:$C,'Budget Summary'!I$3) -> 75 | ... M65: =SUMIFS(Budget_marketing_pipeline!$G:$G,Budget_marketing_pipeline!$D:$D,'Budget Summary'!$A65,Budget_marketing_pipeline!$C:$C,'Budget Summary'!M$3) -> 44 | O65: =SUMIFS($B65:$M65,$B$2:$M$2,O$3) -> 304 | P65: =SUMIFS($B65:$M65,$B$2:$M$2,P$3) -> 246 | Q65: =SUMIFS($B65:$M65,$B$2:$M$2,Q$3) -> 231 | R65: =SUMIFS($B65:$M65,$B$2:$M$2,R$3) -> 219 | T65: =SUM(O65:R65) -> 1000
A66: Organic Search | B66: =SUMIFS(Budget_marketing_pipeline!$G:$G,Budget_marketing_pipeline!$D:$D,'Budget Summary'!$A66,Budget_marketing_pipeline!$C:$C,'Budget Summary'!B$3) -> 109 | C66: =SUMIFS(Budget_marketing_pipeline!$G:$G,Budget_marketing_pipeline!$D:$D,'Budget Summary'!$A66,Budget_marketing_pipeline!$C:$C,'Budget Summary'!C$3) -> 83 | D66: =SUMIFS(Budget_marketing_pipeline!$G:$G,Budget_marketing_pipeline!$D:$D,'Budget Summary'!$A66,Budget_marketing_pipeline!$C:$C,'Budget Summary'!D$3) -> 94 | E66: =SUMIFS(Budget_marketing_pipeline!$G:$G,Budget_marketing_pipeline!$D:$D,'Budget Summary'!$A66,Budget_marketing_pipeline!$C:$C,'Budget Summary'!E$3) -> 37 | F66: =SUMIFS(Budget_marketing_pipeline!$G:$G,Budget_marketing_pipeline!$D:$D,'Budget Summary'!$A66,Budget_marketing_pipeline!$C:$C,'Budget Summary'!F$3) -> 100 | G66: =SUMIFS(Budget_marketing_pipeline!$G:$G,Budget_marketing_pipeline!$D:$D,'Budget Summary'!$A66,Budget_marketing_pipeline!$C:$C,'Budget Summary'!G$3) -> 150 | H66: =SUMIFS(Budget_marketing_pipeline!$G:$G,Budget_marketing_pipeline!$D:$D,'Budget Summary'!$A66,Budget_marketing_pipeline!$C:$C,'Budget Summary'!H$3) -> 72 | I66: =SUMIFS(Budget_marketing_pipeline!$G:$G,Budget_marketing_pipeline!$D:$D,'Budget Summary'!$A66,Budget_marketing_pipeline!$C:$C,'Budget Summary'!I$3) -> 66 | ... M66: =SUMIFS(Budget_marketing_pipeline!$G:$G,Budget_marketing_pipeline!$D:$D,'Budget Summary'!$A66,Budget_marketing_pipeline!$C:$C,'Budget Summary'!M$3) -> 181 | O66: =SUMIFS($B66:$M66,$B$2:$M$2,O$3) -> 286 | P66: =SUMIFS($B66:$M66,$B$2:$M$2,P$3) -> 287 | Q66: =SUMIFS($B66:$M66,$B$2:$M$2,Q$3) -> 233 | R66: =SUMIFS($B66:$M66,$B$2:$M$2,R$3) -> 433 | T66: =SUM(O66:R66) -> 1239
A67: Partner | B67: =SUMIFS(Budget_marketing_pipeline!$G:$G,Budget_marketing_pipeline!$D:$D,'Budget Summary'!$A67,Budget_marketing_pipeline!$C:$C,'Budget Summary'!B$3) -> 153 | C67: =SUMIFS(Budget_marketing_pipeline!$G:$G,Budget_marketing_pipeline!$D:$D,'Budget Summary'!$A67,Budget_marketing_pipeline!$C:$C,'Budget Summary'!C$3) -> 92 | D67: =SUMIFS(Budget_marketing_pipeline!$G:$G,Budget_marketing_pipeline!$D:$D,'Budget Summary'!$A67,Budget_marketing_pipeline!$C:$C,'Budget Summary'!D$3) -> 50 | E67: =SUMIFS(Budget_marketing_pipeline!$G:$G,Budget_marketing_pipeline!$D:$D,'Budget Summary'!$A67,Budget_marketing_pipeline!$C:$C,'Budget Summary'!E$3) -> 101 | F67: =SUMIFS(Budget_marketing_pipeline!$G:$G,Budget_marketing_pipeline!$D:$D,'Budget Summary'!$A67,Budget_marketing_pipeline!$C:$C,'Budget Summary'!F$3) -> 44 | G67: =SUMIFS(Budget_marketing_pipeline!$G:$G,Budget_marketing_pipeline!$D:$D,'Budget Summary'!$A67,Budget_marketing_pipeline!$C:$C,'Budget Summary'!G$3) -> 99 | H67: =SUMIFS(Budget_marketing_pipeline!$G:$G,Budget_marketing_pipeline!$D:$D,'Budget Summary'!$A67,Budget_marketing_pipeline!$C:$C,'Budget Summary'!H$3) -> 188 | I67: =SUMIFS(Budget_marketing_pipeline!$G:$G,Budget_marketing_pipeline!$D:$D,'Budget Summary'!$A67,Budget_marketing_pipeline!$C:$C,'Budget Summary'!I$3) -> 51 | ... M67: =SUMIFS(Budget_marketing_pipeline!$G:$G,Budget_marketing_pipeline!$D:$D,'Budget Summary'!$A67,Budget_marketing_pipeline!$C:$C,'Budget Summary'!M$3) -> 111 | O67: =SUMIFS($B67:$M67,$B$2:$M$2,O$3) -> 295 | P67: =SUMIFS($B67:$M67,$B$2:$M$2,P$3) -> 244 | Q67: =SUMIFS($B67:$M67,$B$2:$M$2,Q$3) -> 318 | R67: =SUMIFS($B67:$M67,$B$2:$M$2,R$3) -> 390 | T67: =SUM(O67:R67) -> 1247
A68: Webinar | B68: =SUMIFS(Budget_marketing_pipeline!$G:$G,Budget_marketing_pipeline!$D:$D,'Budget Summary'!$A68,Budget_marketing_pipeline!$C:$C,'Budget Summary'!B$3) -> 38 | C68: =SUMIFS(Budget_marketing_pipeline!$G:$G,Budget_marketing_pipeline!$D:$D,'Budget Summary'!$A68,Budget_marketing_pipeline!$C:$C,'Budget Summary'!C$3) -> 101 | D68: =SUMIFS(Budget_marketing_pipeline!$G:$G,Budget_marketing_pipeline!$D:$D,'Budget Summary'!$A68,Budget_marketing_pipeline!$C:$C,'Budget Summary'!D$3) -> 39 | E68: =SUMIFS(Budget_marketing_pipeline!$G:$G,Budget_marketing_pipeline!$D:$D,'Budget Summary'!$A68,Budget_marketing_pipeline!$C:$C,'Budget Summary'!E$3) -> 155 | F68: =SUMIFS(Budget_marketing_pipeline!$G:$G,Budget_marketing_pipeline!$D:$D,'Budget Summary'!$A68,Budget_marketing_pipeline!$C:$C,'Budget Summary'!F$3) -> 50 | G68: =SUMIFS(Budget_marketing_pipeline!$G:$G,Budget_marketing_pipeline!$D:$D,'Budget Summary'!$A68,Budget_marketing_pipeline!$C:$C,'Budget Summary'!G$3) -> 39 | H68: =SUMIFS(Budget_marketing_pipeline!$G:$G,Budget_marketing_pipeline!$D:$D,'Budget Summary'!$A68,Budget_marketing_pipeline!$C:$C,'Budget Summary'!H$3) -> 108 | I68: =SUMIFS(Budget_marketing_pipeline!$G:$G,Budget_marketing_pipeline!$D:$D,'Budget Summary'!$A68,Budget_marketing_pipeline!$C:$C,'Budget Summary'!I$3) -> 54 | ... M68: =SUMIFS(Budget_marketing_pipeline!$G:$G,Budget_marketing_pipeline!$D:$D,'Budget Summary'!$A68,Budget_marketing_pipeline!$C:$C,'Budget Summary'!M$3) -> 77 | O68: =SUMIFS($B68:$M68,$B$2:$M$2,O$3) -> 178 | P68: =SUMIFS($B68:$M68,$B$2:$M$2,P$3) -> 244 | Q68: =SUMIFS($B68:$M68,$B$2:$M$2,Q$3) -> 205 | R68: =SUMIFS($B68:$M68,$B$2:$M$2,R$3) -> 256 | T68: =SUM(O68:R68) -> 883
A69: Field Event | B69: =SUMIFS(Budget_marketing_pipeline!$G:$G,Budget_marketing_pipeline!$D:$D,'Budget Summary'!$A69,Budget_marketing_pipeline!$C:$C,'Budget Summary'!B$3) -> 79 | C69: =SUMIFS(Budget_marketing_pipeline!$G:$G,Budget_marketing_pipeline!$D:$D,'Budget Summary'!$A69,Budget_marketing_pipeline!$C:$C,'Budget Summary'!C$3) -> 88 | D69: =SUMIFS(Budget_marketing_pipeline!$G:$G,Budget_marketing_pipeline!$D:$D,'Budget Summary'!$A69,Budget_marketing_pipeline!$C:$C,'Budget Summary'!D$3) -> 62 | E69: =SUMIFS(Budget_marketing_pipeline!$G:$G,Budget_marketing_pipeline!$D:$D,'Budget Summary'!$A69,Budget_marketing_pipeline!$C:$C,'Budget Summary'!E$3) -> 53 | F69: =SUMIFS(Budget_marketing_pipeline!$G:$G,Budget_marketing_pipeline!$D:$D,'Budget Summary'!$A69,Budget_marketing_pipeline!$C:$C,'Budget Summary'!F$3) -> 174 | G69: =SUMIFS(Budget_marketing_pipeline!$G:$G,Budget_marketing_pipeline!$D:$D,'Budget Summary'!$A69,Budget_marketing_pipeline!$C:$C,'Budget Summary'!G$3) -> 62 | H69: =SUMIFS(Budget_marketing_pipeline!$G:$G,Budget_marketing_pipeline!$D:$D,'Budget Summary'!$A69,Budget_marketing_pipeline!$C:$C,'Budget Summary'!H$3) -> 81 | I69: =SUMIFS(Budget_marketing_pipeline!$G:$G,Budget_marketing_pipeline!$D:$D,'Budget Summary'!$A69,Budget_marketing_pipeline!$C:$C,'Budget Summary'!I$3) -> 129 | ... M69: =SUMIFS(Budget_marketing_pipeline!$G:$G,Budget_marketing_pipeline!$D:$D,'Budget Summary'!$A69,Budget_marketing_pipeline!$C:$C,'Budget Summary'!M$3) -> 101 | O69: =SUMIFS($B69:$M69,$B$2:$M$2,O$3) -> 229 | P69: =SUMIFS($B69:$M69,$B$2:$M$2,P$3) -> 289 | Q69: =SUMIFS($B69:$M69,$B$2:$M$2,Q$3) -> 320 | R69: =SUMIFS($B69:$M69,$B$2:$M$2,R$3) -> 313 | T69: =SUM(O69:R69) -> 1151
A70: Referral | B70: =SUMIFS(Budget_marketing_pipeline!$G:$G,Budget_marketing_pipeline!$D:$D,'Budget Summary'!$A70,Budget_marketing_pipeline!$C:$C,'Budget Summary'!B$3) -> 121 | C70: =SUMIFS(Budget_marketing_pipeline!$G:$G,Budget_marketing_pipeline!$D:$D,'Budget Summary'!$A70,Budget_marketing_pipeline!$C:$C,'Budget Summary'!C$3) -> 87 | D70: =SUMIFS(Budget_marketing_pipeline!$G:$G,Budget_marketing_pipeline!$D:$D,'Budget Summary'!$A70,Budget_marketing_pipeline!$C:$C,'Budget Summary'!D$3) -> 144 | E70: =SUMIFS(Budget_marketing_pipeline!$G:$G,Budget_marketing_pipeline!$D:$D,'Budget Summary'!$A70,Budget_marketing_pipeline!$C:$C,'Budget Summary'!E$3) -> 34 | F70: =SUMIFS(Budget_marketing_pipeline!$G:$G,Budget_marketing_pipeline!$D:$D,'Budget Summary'!$A70,Budget_marketing_pipeline!$C:$C,'Budget Summary'!F$3) -> 66 | G70: =SUMIFS(Budget_marketing_pipeline!$G:$G,Budget_marketing_pipeline!$D:$D,'Budget Summary'!$A70,Budget_marketing_pipeline!$C:$C,'Budget Summary'!G$3) -> 108 | H70: =SUMIFS(Budget_marketing_pipeline!$G:$G,Budget_marketing_pipeline!$D:$D,'Budget Summary'!$A70,Budget_marketing_pipeline!$C:$C,'Budget Summary'!H$3) -> 176 | I70: =SUMIFS(Budget_marketing_pipeline!$G:$G,Budget_marketing_pipeline!$D:$D,'Budget Summary'!$A70,Budget_marketing_pipeline!$C:$C,'Budget Summary'!I$3) -> 63 | ... M70: =SUMIFS(Budget_marketing_pipeline!$G:$G,Budget_marketing_pipeline!$D:$D,'Budget Summary'!$A70,Budget_marketing_pipeline!$C:$C,'Budget Summary'!M$3) -> 115 | O70: =SUMIFS($B70:$M70,$B$2:$M$2,O$3) -> 352 | P70: =SUMIFS($B70:$M70,$B$2:$M$2,P$3) -> 208 | Q70: =SUMIFS($B70:$M70,$B$2:$M$2,Q$3) -> 323 | R70: =SUMIFS($B70:$M70,$B$2:$M$2,R$3) -> 312 | T70: =SUM(O70:R70) -> 1195
A71: Direct | B71: =SUMIFS(Budget_marketing_pipeline!$G:$G,Budget_marketing_pipeline!$D:$D,'Budget Summary'!$A71,Budget_marketing_pipeline!$C:$C,'Budget Summary'!B$3) -> 51 | C71: =SUMIFS(Budget_marketing_pipeline!$G:$G,Budget_marketing_pipeline!$D:$D,'Budget Summary'!$A71,Budget_marketing_pipeline!$C:$C,'Budget Summary'!C$3) -> 85 | D71: =SUMIFS(Budget_marketing_pipeline!$G:$G,Budget_marketing_pipeline!$D:$D,'Budget Summary'!$A71,Budget_marketing_pipeline!$C:$C,'Budget Summary'!D$3) -> 118 | E71: =SUMIFS(Budget_marketing_pipeline!$G:$G,Budget_marketing_pipeline!$D:$D,'Budget Summary'!$A71,Budget_marketing_pipeline!$C:$C,'Budget Summary'!E$3) -> 78 | F71: =SUMIFS(Budget_marketing_pipeline!$G:$G,Budget_marketing_pipeline!$D:$D,'Budget Summary'!$A71,Budget_marketing_pipeline!$C:$C,'Budget Summary'!F$3) -> 175 | G71: =SUMIFS(Budget_marketing_pipeline!$G:$G,Budget_marketing_pipeline!$D:$D,'Budget Summary'!$A71,Budget_marketing_pipeline!$C:$C,'Budget Summary'!G$3) -> 142 | H71: =SUMIFS(Budget_marketing_pipeline!$G:$G,Budget_marketing_pipeline!$D:$D,'Budget Summary'!$A71,Budget_marketing_pipeline!$C:$C,'Budget Summary'!H$3) -> 64 | I71: =SUMIFS(Budget_marketing_pipeline!$G:$G,Budget_marketing_pipeline!$D:$D,'Budget Summary'!$A71,Budget_marketing_pipeline!$C:$C,'Budget Summary'!I$3) -> 125 | ... M71: =SUMIFS(Budget_marketing_pipeline!$G:$G,Budget_marketing_pipeline!$D:$D,'Budget Summary'!$A71,Budget_marketing_pipeline!$C:$C,'Budget Summary'!M$3) -> 94 | O71: =SUMIFS($B71:$M71,$B$2:$M$2,O$3) -> 254 | P71: =SUMIFS($B71:$M71,$B$2:$M$2,P$3) -> 395 | Q71: =SUMIFS($B71:$M71,$B$2:$M$2,Q$3) -> 246 | R71: =SUMIFS($B71:$M71,$B$2:$M$2,R$3) -> 328 | T71: =SUM(O71:R71) -> 1223
A72: Content Syndication | B72: =SUMIFS(Budget_marketing_pipeline!$G:$G,Budget_marketing_pipeline!$D:$D,'Budget Summary'!$A72,Budget_marketing_pipeline!$C:$C,'Budget Summary'!B$3) -> 48 | C72: =SUMIFS(Budget_marketing_pipeline!$G:$G,Budget_marketing_pipeline!$D:$D,'Budget Summary'!$A72,Budget_marketing_pipeline!$C:$C,'Budget Summary'!C$3) -> 105 | D72: =SUMIFS(Budget_marketing_pipeline!$G:$G,Budget_marketing_pipeline!$D:$D,'Budget Summary'!$A72,Budget_marketing_pipeline!$C:$C,'Budget Summary'!D$3) -> 54 | E72: =SUMIFS(Budget_marketing_pipeline!$G:$G,Budget_marketing_pipeline!$D:$D,'Budget Summary'!$A72,Budget_marketing_pipeline!$C:$C,'Budget Summary'!E$3) -> 49 | F72: =SUMIFS(Budget_marketing_pipeline!$G:$G,Budget_marketing_pipeline!$D:$D,'Budget Summary'!$A72,Budget_marketing_pipeline!$C:$C,'Budget Summary'!F$3) -> 52 | G72: =SUMIFS(Budget_marketing_pipeline!$G:$G,Budget_marketing_pipeline!$D:$D,'Budget Summary'!$A72,Budget_marketing_pipeline!$C:$C,'Budget Summary'!G$3) -> 146 | H72: =SUMIFS(Budget_marketing_pipeline!$G:$G,Budget_marketing_pipeline!$D:$D,'Budget Summary'!$A72,Budget_marketing_pipeline!$C:$C,'Budget Summary'!H$3) -> 151 | I72: =SUMIFS(Budget_marketing_pipeline!$G:$G,Budget_marketing_pipeline!$D:$D,'Budget Summary'!$A72,Budget_marketing_pipeline!$C:$C,'Budget Summary'!I$3) -> 54 | ... M72: =SUMIFS(Budget_marketing_pipeline!$G:$G,Budget_marketing_pipeline!$D:$D,'Budget Summary'!$A72,Budget_marketing_pipeline!$C:$C,'Budget Summary'!M$3) -> 93 | O72: =SUMIFS($B72:$M72,$B$2:$M$2,O$3) -> 207 | P72: =SUMIFS($B72:$M72,$B$2:$M$2,P$3) -> 247 | Q72: =SUMIFS($B72:$M72,$B$2:$M$2,Q$3) -> 289 | R72: =SUMIFS($B72:$M72,$B$2:$M$2,R$3) -> 351 | T72: =SUM(O72:R72) -> 1094
A73: Outbound | B73: =SUMIFS(Budget_marketing_pipeline!$G:$G,Budget_marketing_pipeline!$D:$D,'Budget Summary'!$A73,Budget_marketing_pipeline!$C:$C,'Budget Summary'!B$3) -> 51 | C73: =SUMIFS(Budget_marketing_pipeline!$G:$G,Budget_marketing_pipeline!$D:$D,'Budget Summary'!$A73,Budget_marketing_pipeline!$C:$C,'Budget Summary'!C$3) -> 61 | D73: =SUMIFS(Budget_marketing_pipeline!$G:$G,Budget_marketing_pipeline!$D:$D,'Budget Summary'!$A73,Budget_marketing_pipeline!$C:$C,'Budget Summary'!D$3) -> 159 | E73: =SUMIFS(Budget_marketing_pipeline!$G:$G,Budget_marketing_pipeline!$D:$D,'Budget Summary'!$A73,Budget_marketing_pipeline!$C:$C,'Budget Summary'!E$3) -> 99 | F73: =SUMIFS(Budget_marketing_pipeline!$G:$G,Budget_marketing_pipeline!$D:$D,'Budget Summary'!$A73,Budget_marketing_pipeline!$C:$C,'Budget Summary'!F$3) -> 79 | G73: =SUMIFS(Budget_marketing_pipeline!$G:$G,Budget_marketing_pipeline!$D:$D,'Budget Summary'!$A73,Budget_marketing_pipeline!$C:$C,'Budget Summary'!G$3) -> 179 | H73: =SUMIFS(Budget_marketing_pipeline!$G:$G,Budget_marketing_pipeline!$D:$D,'Budget Summary'!$A73,Budget_marketing_pipeline!$C:$C,'Budget Summary'!H$3) -> 85 | I73: =SUMIFS(Budget_marketing_pipeline!$G:$G,Budget_marketing_pipeline!$D:$D,'Budget Summary'!$A73,Budget_marketing_pipeline!$C:$C,'Budget Summary'!I$3) -> 155 | ... M73: =SUMIFS(Budget_marketing_pipeline!$G:$G,Budget_marketing_pipeline!$D:$D,'Budget Summary'!$A73,Budget_marketing_pipeline!$C:$C,'Budget Summary'!M$3) -> 58 | O73: =SUMIFS($B73:$M73,$B$2:$M$2,O$3) -> 271 | P73: =SUMIFS($B73:$M73,$B$2:$M$2,P$3) -> 357 | Q73: =SUMIFS($B73:$M73,$B$2:$M$2,Q$3) -> 309 | R73: =SUMIFS($B73:$M73,$B$2:$M$2,R$3) -> 201 | T73: =SUM(O73:R73) -> 1138
A74: Customer Success | B74: =SUMIFS(Budget_marketing_pipeline!$G:$G,Budget_marketing_pipeline!$D:$D,'Budget Summary'!$A74,Budget_marketing_pipeline!$C:$C,'Budget Summary'!B$3) -> 0 | C74: =SUMIFS(Budget_marketing_pipeline!$G:$G,Budget_marketing_pipeline!$D:$D,'Budget Summary'!$A74,Budget_marketing_pipeline!$C:$C,'Budget Summary'!C$3) -> 0 | D74: =SUMIFS(Budget_marketing_pipeline!$G:$G,Budget_marketing_pipeline!$D:$D,'Budget Summary'!$A74,Budget_marketing_pipeline!$C:$C,'Budget Summary'!D$3) -> 0 | E74: =SUMIFS(Budget_marketing_pipeline!$G:$G,Budget_marketing_pipeline!$D:$D,'Budget Summary'!$A74,Budget_marketing_pipeline!$C:$C,'Budget Summary'!E$3) -> 0 | F74: =SUMIFS(Budget_marketing_pipeline!$G:$G,Budget_marketing_pipeline!$D:$D,'Budget Summary'!$A74,Budget_marketing_pipeline!$C:$C,'Budget Summary'!F$3) -> 0 | G74: =SUMIFS(Budget_marketing_pipeline!$G:$G,Budget_marketing_pipeline!$D:$D,'Budget Summary'!$A74,Budget_marketing_pipeline!$C:$C,'Budget Summary'!G$3) -> 0 | H74: =SUMIFS(Budget_marketing_pipeline!$G:$G,Budget_marketing_pipeline!$D:$D,'Budget Summary'!$A74,Budget_marketing_pipeline!$C:$C,'Budget Summary'!H$3) -> 0 | I74: =SUMIFS(Budget_marketing_pipeline!$G:$G,Budget_marketing_pipeline!$D:$D,'Budget Summary'!$A74,Budget_marketing_pipeline!$C:$C,'Budget Summary'!I$3) -> 0 | ... M74: =SUMIFS(Budget_marketing_pipeline!$G:$G,Budget_marketing_pipeline!$D:$D,'Budget Summary'!$A74,Budget_marketing_pipeline!$C:$C,'Budget Summary'!M$3) -> 0 | O74: =SUMIFS($B74:$M74,$B$2:$M$2,O$3) -> 0 | P74: =SUMIFS($B74:$M74,$B$2:$M$2,P$3) -> 0 | Q74: =SUMIFS($B74:$M74,$B$2:$M$2,Q$3) -> 0 | R74: =SUMIFS($B74:$M74,$B$2:$M$2,R$3) -> 0 | T74: =SUM(O74:R74) -> 0
A75: Total | B75: =SUM(B64:B74) -> 856 | C75: =SUM(C64:C74) -> 836 | D75: =SUM(D64:D74) -> 945 | E75: =SUM(E64:E74) -> 898 | F75: =SUM(F64:F74) -> 958 | G75: =SUM(G64:G74) -> 1111 | H75: =SUM(H64:H74) -> 1097 | I75: =SUM(I64:I74) -> 867 | ... M75: =SUM(M64:M74) -> 1001 | O75: =SUMIFS($B75:$M75,$B$2:$M$2,O$3) -> 2637 | P75: =SUMIFS($B75:$M75,$B$2:$M$2,P$3) -> 2967 | Q75: =SUMIFS($B75:$M75,$B$2:$M$2,Q$3) -> 2734 | R75: =SUMIFS($B75:$M75,$B$2:$M$2,R$3) -> 3087 | T75: =SUM(O75:R75) -> 11425
B77: Q1 | C77: Q1 | D77: Q1 | E77: Q2 | F77: Q2 | G77: Q2 | H77: Q3 | I77: Q3 | J77: Q3 | K77: Q4 | L77: Q4 | M77: Q4
A78: Cost Per SAL | B78: 2026-01 | C78: 2026-02 | D78: 2026-03 | E78: 2026-04 | F78: 2026-05 | G78: 2026-06 | H78: 2026-07 | I78: 2026-08 | J78: 2026-09 | K78: 2026-10 | L78: 2026-11 | M78: 2026-12 | O78: Q1 | P78: Q2 | Q78: Q3 | R78: Q4 | T78: FY26
A79: marketing_channel | B79: =IFERROR(B4/B49,0) -> 1109.7617 | C79: =IFERROR(C4/C49,0) -> 2620.6526 | D79: =IFERROR(D4/D49,0) -> 2194.9812 | E79: =IFERROR(E4/E49,0) -> 1811.0316 | F79: =IFERROR(F4/F49,0) -> 1463.992 | G79: =IFERROR(G4/G49,0) -> 1610.2011 | H79: =IFERROR(H4/H49,0) -> 1138.2331 | I79: =IFERROR(I4/I49,0) -> 2764.9633 | ... M79: =IFERROR(M4/M49,0) -> 1173.671 | O79: =IFERROR(O4/O49,0) -> 1886.1844 | P79: =IFERROR(P4/P49,0) -> 1648.4202 | Q79: =IFERROR(Q4/Q49,0) -> 2049.125 | R79: =IFERROR(R4/R49,0) -> 1193.2356 | T79: =IFERROR(T4/T49,0) -> 1677.8762
A80: Paid Search | B80: =IFERROR(B5/B50,0) -> 1562.7614 | C80: =IFERROR(C5/C50,0) -> 947.44979 | D80: =IFERROR(D5/D50,0) -> 1321.9359 | E80: =IFERROR(E5/E50,0) -> 2233.8311 | F80: =IFERROR(F5/F50,0) -> 1242.181 | G80: =IFERROR(G5/G50,0) -> 2332.9766 | H80: =IFERROR(H5/H50,0) -> 2328.4308 | I80: =IFERROR(I5/I50,0) -> 1505.6428 | ... M80: =IFERROR(M5/M50,0) -> 1346.0864 | O80: =IFERROR(O5/O50,0) -> 1340.4411 | P80: =IFERROR(P5/P50,0) -> 1850.4714 | Q80: =IFERROR(Q5/Q50,0) -> 1539.4603 | R80: =IFERROR(R5/R50,0) -> 1265.0174 | T80: =IFERROR(T5/T50,0) -> 1495.3642
A81: Paid Social | B81: =IFERROR(B6/B51,0) -> 1438.8804 | C81: =IFERROR(C6/C51,0) -> 2631.547 | D81: =IFERROR(D6/D51,0) -> 1417.8823 | E81: =IFERROR(E6/E51,0) -> 1847.4497 | F81: =IFERROR(F6/F51,0) -> 1362.1507 | G81: =IFERROR(G6/G51,0) -> 1048.4597 | H81: =IFERROR(H6/H51,0) -> 1350.1257 | I81: =IFERROR(I6/I51,0) -> 1414.6735 | ... M81: =IFERROR(M6/M51,0) -> 771.56039 | O81: =IFERROR(O6/O51,0) -> 1778.1024 | P81: =IFERROR(P6/P51,0) -> 1260.7654 | Q81: =IFERROR(Q6/Q51,0) -> 1942.7101 | R81: =IFERROR(R6/R51,0) -> 1099.0811 | T81: =IFERROR(T6/T51,0) -> 1451.9213
A82: Organic Search | B82: =IFERROR(B7/B52,0) -> 651.24614 | C82: =IFERROR(C7/C52,0) -> 3571.585 | D82: =IFERROR(D7/D52,0) -> 2133.9354 | E82: =IFERROR(E7/E52,0) -> 1340.1411 | F82: =IFERROR(F7/F52,0) -> 1624.6166 | G82: =IFERROR(G7/G52,0) -> 2714.3475 | H82: =IFERROR(H7/H52,0) -> 1456.6585 | I82: =IFERROR(I7/I52,0) -> 3731.3631 | ... M82: =IFERROR(M7/M52,0) -> 1219.7214 | O82: =IFERROR(O7/O52,0) -> 1813.2992 | P82: =IFERROR(P7/P52,0) -> 1949.0073 | Q82: =IFERROR(Q7/Q52,0) -> 1842.674 | R82: =IFERROR(R7/R52,0) -> 1432.434 | T82: =IFERROR(T7/T52,0) -> 1728.2282
A83: Partner | B83: =IFERROR(B8/B53,0) -> 613.06816 | C83: =IFERROR(C8/C53,0) -> 1080.9545 | D83: =IFERROR(D8/D53,0) -> 1507.8974 | E83: =IFERROR(E8/E53,0) -> 1384.9518 | F83: =IFERROR(F8/F53,0) -> 3732.0864 | G83: =IFERROR(G8/G53,0) -> 1291.0633 | H83: =IFERROR(H8/H53,0) -> 1252.4394 | I83: =IFERROR(I8/I53,0) -> 3648.7239 | ... M83: =IFERROR(M8/M53,0) -> 1058.1371 | O83: =IFERROR(O8/O53,0) -> 1074.6123 | P83: =IFERROR(P8/P53,0) -> 1850.9152 | Q83: =IFERROR(Q8/Q53,0) -> 2309.1178 | R83: =IFERROR(R8/R53,0) -> 1014.9032 | T83: =IFERROR(T8/T53,0) -> 1558.4243
A84: Webinar | B84: =IFERROR(B9/B54,0) -> 1571.6365 | C84: =IFERROR(C9/C54,0) -> 1880.5128 | D84: =IFERROR(D9/D54,0) -> 1474.06 | E84: =IFERROR(E9/E54,0) -> 976.97792 | F84: =IFERROR(F9/F54,0) -> 1605.2253 | G84: =IFERROR(G9/G54,0) -> 3147.6977 | H84: =IFERROR(H9/H54,0) -> 909.48778 | I84: =IFERROR(I9/I54,0) -> 1361.2496 | ... M84: =IFERROR(M9/M54,0) -> 722.32079 | O84: =IFERROR(O9/O54,0) -> 1663.9132 | P84: =IFERROR(P9/P54,0) -> 1820.9215 | Q84: =IFERROR(Q9/Q54,0) -> 1773.3643 | R84: =IFERROR(R9/R54,0) -> 1312.7903 | T84: =IFERROR(T9/T54,0) -> 1638.2818
A85: Field Event | B85: =IFERROR(B10/B55,0) -> 1302.5175 | C85: =IFERROR(C10/C55,0) -> 1764.6567 | D85: =IFERROR(D10/D55,0) -> 1747.094 | E85: =IFERROR(E10/E55,0) -> 2939.6 | F85: =IFERROR(F10/F55,0) -> 3264.412 | G85: =IFERROR(G10/G55,0) -> 2753.8382 | H85: =IFERROR(H10/H55,0) -> 1626.3473 | I85: =IFERROR(I10/I55,0) -> 1309.2379 | ... M85: =IFERROR(M10/M55,0) -> 2322.2002 | O85: =IFERROR(O10/O55,0) -> 1598.6116 | P85: =IFERROR(P10/P55,0) -> 2946.2121 | Q85: =IFERROR(Q10/Q55,0) -> 1948.5662 | R85: =IFERROR(R10/R55,0) -> 1822.4885 | T85: =IFERROR(T10/T55,0) -> 1986.2148
A86: Referral | B86: =IFERROR(B11/B56,0) -> 1456.2253 | C86: =IFERROR(C11/C56,0) -> 1151.0107 | D86: =IFERROR(D11/D56,0) -> 928.92212 | E86: =IFERROR(E11/E56,0) -> 998.25103 | F86: =IFERROR(F11/F56,0) -> 1385.9568 | G86: =IFERROR(G11/G56,0) -> 926.28796 | H86: =IFERROR(H11/H56,0) -> 1158.5736 | I86: =IFERROR(I11/I56,0) -> 1624.0681 | ... M86: =IFERROR(M11/M56,0) -> 1206.2411 | O86: =IFERROR(O11/O56,0) -> 1109.1189 | P86: =IFERROR(P11/P56,0) -> 1144.1491 | Q86: =IFERROR(Q11/Q56,0) -> 1597.1487 | R86: =IFERROR(R11/R56,0) -> 1305.3097 | T86: =IFERROR(T11/T56,0) -> 1271.2145
A87: Direct | B87: =IFERROR(B12/B57,0) -> 1498.13 | C87: =IFERROR(C12/C57,0) -> 1299.8632 | D87: =IFERROR(D12/D57,0) -> 1330.9324 | E87: =IFERROR(E12/E57,0) -> 2059.4335 | F87: =IFERROR(F12/F57,0) -> 1811.9729 | G87: =IFERROR(G12/G57,0) -> 1186.9495 | H87: =IFERROR(H12/H57,0) -> 1606.763 | I87: =IFERROR(I12/I57,0) -> 2518.5246 | ... M87: =IFERROR(M12/M57,0) -> 2532.2651 | O87: =IFERROR(O12/O57,0) -> 1353.9431 | P87: =IFERROR(P12/P57,0) -> 1491.6172 | Q87: =IFERROR(Q12/Q57,0) -> 1741.5459 | R87: =IFERROR(R12/R57,0) -> 1868.2096 | T87: =IFERROR(T12/T57,0) -> 1652.4168
A88: Content Syndication | B88: =IFERROR(B13/B58,0) -> 1296.3008 | C88: =IFERROR(C13/C58,0) -> 901.5077 | D88: =IFERROR(D13/D58,0) -> 1704.7664 | E88: =IFERROR(E13/E58,0) -> 2303.5906 | F88: =IFERROR(F13/F58,0) -> 2159.5461 | G88: =IFERROR(G13/G58,0) -> 1171.2507 | H88: =IFERROR(H13/H58,0) -> 989.54282 | I88: =IFERROR(I13/I58,0) -> 2977.7174 | ... M88: =IFERROR(M13/M58,0) -> 2524.0034 | O88: =IFERROR(O13/O58,0) -> 1447.0892 | P88: =IFERROR(P13/P58,0) -> 1703.9594 | Q88: =IFERROR(Q13/Q58,0) -> 2338.0693 | R88: =IFERROR(R13/R58,0) -> 1698.2847 | T88: =IFERROR(T13/T58,0) -> 1813.966
A89: Outbound | B89: =IFERROR(B14/B59,0) -> 0 | C89: =IFERROR(C14/C59,0) -> 0 | D89: =IFERROR(D14/D59,0) -> 0 | E89: =IFERROR(E14/E59,0) -> 0 | F89: =IFERROR(F14/F59,0) -> 0 | G89: =IFERROR(G14/G59,0) -> 0 | H89: =IFERROR(H14/H59,0) -> 0 | I89: =IFERROR(I14/I59,0) -> 0 | ... M89: =IFERROR(M14/M59,0) -> 0 | O89: =IFERROR(O14/O59,0) -> 0 | P89: =IFERROR(P14/P59,0) -> 0 | Q89: =IFERROR(Q14/Q59,0) -> 0 | R89: =IFERROR(R14/R59,0) -> 0 | T89: =IFERROR(T14/T59,0) -> 0
A90: Customer Success | B90: =IFERROR(B16/B76,0) -> 0 | C90: =IFERROR(C16/C76,0) -> 0 | D90: =IFERROR(D16/D76,0) -> 0 | E90: =IFERROR(E16/E76,0) -> 0 | F90: =IFERROR(F16/F76,0) -> 0 | G90: =IFERROR(G16/G76,0) -> 0 | H90: =IFERROR(H16/H76,0) -> 0 | I90: =IFERROR(I16/I76,0) -> 0 | ... M90: =IFERROR(M16/M76,0) -> 0 | O90: =IFERROR(O16/O76,0) -> 0 | P90: =IFERROR(P16/P76,0) -> 0 | Q90: =IFERROR(Q16/Q76,0) -> 0 | R90: =IFERROR(R16/R76,0) -> 0 | T90: =IFERROR(T16/T76,0) -> 0
A92: MQL to SQL | B92: =B45/B30 -> 0.35989678 | C92: =C45/C30 -> 0.33453595 | D92: =D45/D30 -> 0.33555157 | E92: =E45/E30 -> 0.34109751 | F92: =F45/F30 -> 0.33249592 | G92: =G45/G30 -> 0.36050557 | H92: =H45/H30 -> 0.37026413 | I92: =I45/I30 -> 0.30899664 | ... M92: =M45/M30 -> 0.35304878 | O92: =O45/O30 -> 0.34233512 | P92: =P45/P30 -> 0.3451869 | Q92: =Q45/Q30 -> 0.33632857 | R92: =R45/R30 -> 0.35386205 | T92: =T45/T30 -> 0.34475151
A93: MQL to SAL | B93: =B60/B30 -> 0.12993321 | C93: =C60/C30 -> 0.10400597 | D93: =D60/D30 -> 0.12093678 | E93: =E60/E30 -> 0.11817344 | F93: =F60/F30 -> 0.12033664 | G93: =G60/G30 -> 0.12882653 | H93: =H60/H30 -> 0.13111031 | I93: =I60/I30 -> 0.12149664 | ... M93: =M60/M30 -> 0.12207317 | O93: =O60/O30 -> 0.11751337 | P93: =P60/P30 -> 0.12268442 | Q93: =Q60/Q30 -> 0.12407533 | R93: =R60/R30 -> 0.12265575 | T93: =T60/T30 -> 0.12176666

Sheet Forecast Summary
B1: Actual | C1: Actual | D1: Actual | E1: Actual | F1: Actual | G1: Forecast | H1: Forecast | I1: Forecast | J1: Forecast | K1: Forecast | L1: Forecast | M1: Forecast | O1: Actual | P1: Actual | Q1: Forecast | R1: Forecast
A2: Spending | B2: Q1 | C2: Q1 | D2: Q1 | E2: Q2 | F2: Q2 | G2: Q2 | H2: Q3 | I2: Q3 | J2: Q3 | K2: Q4 | L2: Q4 | M2: Q4
A3: marketing_channel | B3: 2026-01 | C3: 2026-02 | D3: 2026-03 | E3: 2026-04 | F3: 2026-05 | G3: 2026-06 | H3: 2026-07 | I3: 2026-08 | J3: 2026-09 | K3: 2026-10 | L3: 2026-11 | M3: 2026-12 | O3: Q1 | P3: Q2 | Q3: Q3 | R3: Q4 | T3: FY26
A4: Paid Search | B4: =SUMIFS('Trended Forecast Pipeline'!$O:$O,'Trended Forecast Pipeline'!$D:$D,'Forecast Summary'!$A4,'Trended Forecast Pipeline'!$C:$C,'Forecast Summary'!B$18) -> 311718.32 | C4: =SUMIFS('Trended Forecast Pipeline'!$O:$O,'Trended Forecast Pipeline'!$D:$D,'Forecast Summary'!$A4,'Trended Forecast Pipeline'!$C:$C,'Forecast Summary'!C$18) -> 362154.33 | D4: =SUMIFS('Trended Forecast Pipeline'!$O:$O,'Trended Forecast Pipeline'!$D:$D,'Forecast Summary'!$A4,'Trended Forecast Pipeline'!$C:$C,'Forecast Summary'!D$18) -> 516622.86 | E4: =SUMIFS('Trended Forecast Pipeline'!$O:$O,'Trended Forecast Pipeline'!$D:$D,'Forecast Summary'!$A4,'Trended Forecast Pipeline'!$C:$C,'Forecast Summary'!E$18) -> 411801.63 | F4: =SUMIFS('Trended Forecast Pipeline'!$O:$O,'Trended Forecast Pipeline'!$D:$D,'Forecast Summary'!$A4,'Trended Forecast Pipeline'!$C:$C,'Forecast Summary'!F$18) -> 538298.39 | G4: =SUMIFS('Trended Forecast Pipeline'!$O:$O,'Trended Forecast Pipeline'!$D:$D,'Forecast Summary'!$A4,'Trended Forecast Pipeline'!$C:$C,'Forecast Summary'!G$18) -> 574115.94 | H4: =SUMIFS('Trended Forecast Pipeline'!$O:$O,'Trended Forecast Pipeline'!$D:$D,'Forecast Summary'!$A4,'Trended Forecast Pipeline'!$C:$C,'Forecast Summary'!H$18) -> 484707.29 | I4: =SUMIFS('Trended Forecast Pipeline'!$O:$O,'Trended Forecast Pipeline'!$D:$D,'Forecast Summary'!$A4,'Trended Forecast Pipeline'!$C:$C,'Forecast Summary'!I$18) -> 489581.55 | ... M4: =SUMIFS('Trended Forecast Pipeline'!$O:$O,'Trended Forecast Pipeline'!$D:$D,'Forecast Summary'!$A4,'Trended Forecast Pipeline'!$C:$C,'Forecast Summary'!M$18) -> 429866.95 | O4: =SUMIFS($B4:$M4,$B$2:$M$2,O$3) -> 1190495.5 | P4: =SUMIFS($B4:$M4,$B$2:$M$2,P$3) -> 1524216 | Q4: =SUMIFS($B4:$M4,$B$2:$M$2,Q$3) -> 1414275.9 | R4: =SUMIFS($B4:$M4,$B$2:$M$2,R$3) -> 1211042.2 | T4: =SUM(O4:R4) -> 5340029.6
A5: Paid Social | B5: =SUMIFS('Trended Forecast Pipeline'!$O:$O,'Trended Forecast Pipeline'!$D:$D,'Forecast Summary'!$A5,'Trended Forecast Pipeline'!$C:$C,'Forecast Summary'!B$18) -> 253030.8 | C5: =SUMIFS('Trended Forecast Pipeline'!$O:$O,'Trended Forecast Pipeline'!$D:$D,'Forecast Summary'!$A5,'Trended Forecast Pipeline'!$C:$C,'Forecast Summary'!C$18) -> 271874.14 | D5: =SUMIFS('Trended Forecast Pipeline'!$O:$O,'Trended Forecast Pipeline'!$D:$D,'Forecast Summary'!$A5,'Trended Forecast Pipeline'!$C:$C,'Forecast Summary'!D$18) -> 409763.31 | E5: =SUMIFS('Trended Forecast Pipeline'!$O:$O,'Trended Forecast Pipeline'!$D:$D,'Forecast Summary'!$A5,'Trended Forecast Pipeline'!$C:$C,'Forecast Summary'!E$18) -> 356762.81 | F5: =SUMIFS('Trended Forecast Pipeline'!$O:$O,'Trended Forecast Pipeline'!$D:$D,'Forecast Summary'!$A5,'Trended Forecast Pipeline'!$C:$C,'Forecast Summary'!F$18) -> 410414.76 | G5: =SUMIFS('Trended Forecast Pipeline'!$O:$O,'Trended Forecast Pipeline'!$D:$D,'Forecast Summary'!$A5,'Trended Forecast Pipeline'!$C:$C,'Forecast Summary'!G$18) -> 393756.03 | H5: =SUMIFS('Trended Forecast Pipeline'!$O:$O,'Trended Forecast Pipeline'!$D:$D,'Forecast Summary'!$A5,'Trended Forecast Pipeline'!$C:$C,'Forecast Summary'!H$18) -> 318414.88 | I5: =SUMIFS('Trended Forecast Pipeline'!$O:$O,'Trended Forecast Pipeline'!$D:$D,'Forecast Summary'!$A5,'Trended Forecast Pipeline'!$C:$C,'Forecast Summary'!I$18) -> 344671.14 | ... M5: =SUMIFS('Trended Forecast Pipeline'!$O:$O,'Trended Forecast Pipeline'!$D:$D,'Forecast Summary'!$A5,'Trended Forecast Pipeline'!$C:$C,'Forecast Summary'!M$18) -> 306178.22 | O5: =SUMIFS($B5:$M5,$B$2:$M$2,O$3) -> 934668.25 | P5: =SUMIFS($B5:$M5,$B$2:$M$2,P$3) -> 1160933.6 | Q5: =SUMIFS($B5:$M5,$B$2:$M$2,Q$3) -> 952409.97 | R5: =SUMIFS($B5:$M5,$B$2:$M$2,R$3) -> 846960.56 | T5: =SUM(O5:R5) -> 3894972.4
A6: Organic Search | B6: =SUMIFS('Trended Forecast Pipeline'!$O:$O,'Trended Forecast Pipeline'!$D:$D,'Forecast Summary'!$A6,'Trended Forecast Pipeline'!$C:$C,'Forecast Summary'!B$18) -> 15303.96 | C6: =SUMIFS('Trended Forecast Pipeline'!$O:$O,'Trended Forecast Pipeline'!$D:$D,'Forecast Summary'!$A6,'Trended Forecast Pipeline'!$C:$C,'Forecast Summary'!C$18) -> 19768.43 | D6: =SUMIFS('Trended Forecast Pipeline'!$O:$O,'Trended Forecast Pipeline'!$D:$D,'Forecast Summary'!$A6,'Trended Forecast Pipeline'!$C:$C,'Forecast Summary'!D$18) -> 28664.82 | E6: =SUMIFS('Trended Forecast Pipeline'!$O:$O,'Trended Forecast Pipeline'!$D:$D,'Forecast Summary'!$A6,'Trended Forecast Pipeline'!$C:$C,'Forecast Summary'!E$18) -> 22711.86 | F6: =SUMIFS('Trended Forecast Pipeline'!$O:$O,'Trended Forecast Pipeline'!$D:$D,'Forecast Summary'!$A6,'Trended Forecast Pipeline'!$C:$C,'Forecast Summary'!F$18) -> 27457.02 | G6: =SUMIFS('Trended Forecast Pipeline'!$O:$O,'Trended Forecast Pipeline'!$D:$D,'Forecast Summary'!$A6,'Trended Forecast Pipeline'!$C:$C,'Forecast Summary'!G$18) -> 54814.95 | H6: =SUMIFS('Trended Forecast Pipeline'!$O:$O,'Trended Forecast Pipeline'!$D:$D,'Forecast Summary'!$A6,'Trended Forecast Pipeline'!$C:$C,'Forecast Summary'!H$18) -> 45307.38 | I6: =SUMIFS('Trended Forecast Pipeline'!$O:$O,'Trended Forecast Pipeline'!$D:$D,'Forecast Summary'!$A6,'Trended Forecast Pipeline'!$C:$C,'Forecast Summary'!I$18) -> 59262.91 | ... M6: =SUMIFS('Trended Forecast Pipeline'!$O:$O,'Trended Forecast Pipeline'!$D:$D,'Forecast Summary'!$A6,'Trended Forecast Pipeline'!$C:$C,'Forecast Summary'!M$18) -> 41646.36 | O6: =SUMIFS($B6:$M6,$B$2:$M$2,O$3) -> 63737.21 | P6: =SUMIFS($B6:$M6,$B$2:$M$2,P$3) -> 104983.83 | Q6: =SUMIFS($B6:$M6,$B$2:$M$2,Q$3) -> 146329.52 | R6: =SUMIFS($B6:$M6,$B$2:$M$2,R$3) -> 128217.74 | T6: =SUM(O6:R6) -> 443268.3
A7: Partner | B7: =SUMIFS('Trended Forecast Pipeline'!$O:$O,'Trended Forecast Pipeline'!$D:$D,'Forecast Summary'!$A7,'Trended Forecast Pipeline'!$C:$C,'Forecast Summary'!B$18) -> 65196.13 | C7: =SUMIFS('Trended Forecast Pipeline'!$O:$O,'Trended Forecast Pipeline'!$D:$D,'Forecast Summary'!$A7,'Trended Forecast Pipeline'!$C:$C,'Forecast Summary'!C$18) -> 80506.75 | D7: =SUMIFS('Trended Forecast Pipeline'!$O:$O,'Trended Forecast Pipeline'!$D:$D,'Forecast Summary'!$A7,'Trended Forecast Pipeline'!$C:$C,'Forecast Summary'!D$18) -> 133146.19 | E7: =SUMIFS('Trended Forecast Pipeline'!$O:$O,'Trended Forecast Pipeline'!$D:$D,'Forecast Summary'!$A7,'Trended Forecast Pipeline'!$C:$C,'Forecast Summary'!E$18) -> 105029.53 | F7: =SUMIFS('Trended Forecast Pipeline'!$O:$O,'Trended Forecast Pipeline'!$D:$D,'Forecast Summary'!$A7,'Trended Forecast Pipeline'!$C:$C,'Forecast Summary'!F$18) -> 122116.96 | G7: =SUMIFS('Trended Forecast Pipeline'!$O:$O,'Trended Forecast Pipeline'!$D:$D,'Forecast Summary'!$A7,'Trended Forecast Pipeline'!$C:$C,'Forecast Summary'!G$18) -> 175064.99 | H7: =SUMIFS('Trended Forecast Pipeline'!$O:$O,'Trended Forecast Pipeline'!$D:$D,'Forecast Summary'!$A7,'Trended Forecast Pipeline'!$C:$C,'Forecast Summary'!H$18) -> 136124.26 | I7: =SUMIFS('Trended Forecast Pipeline'!$O:$O,'Trended Forecast Pipeline'!$D:$D,'Forecast Summary'!$A7,'Trended Forecast Pipeline'!$C:$C,'Forecast Summary'!I$18) -> 179321.34 | ... M7: =SUMIFS('Trended Forecast Pipeline'!$O:$O,'Trended Forecast Pipeline'!$D:$D,'Forecast Summary'!$A7,'Trended Forecast Pipeline'!$C:$C,'Forecast Summary'!M$18) -> 139427.69 | O7: =SUMIFS($B7:$M7,$B$2:$M$2,O$3) -> 278849.07 | P7: =SUMIFS($B7:$M7,$B$2:$M$2,P$3) -> 402211.48 | Q7: =SUMIFS($B7:$M7,$B$2:$M$2,Q$3) -> 477592.52 | R7: =SUMIFS($B7:$M7,$B$2:$M$2,R$3) -> 452856.04 | T7: =SUM(O7:R7) -> 1611509.1
A8: Webinar | B8: =SUMIFS('Trended Forecast Pipeline'!$O:$O,'Trended Forecast Pipeline'!$D:$D,'Forecast Summary'!$A8,'Trended Forecast Pipeline'!$C:$C,'Forecast Summary'!B$18) -> 65013.53 | C8: =SUMIFS('Trended Forecast Pipeline'!$O:$O,'Trended Forecast Pipeline'!$D:$D,'Forecast Summary'!$A8,'Trended Forecast Pipeline'!$C:$C,'Forecast Summary'!C$18) -> 69216.37 | D8: =SUMIFS('Trended Forecast Pipeline'!$O:$O,'Trended Forecast Pipeline'!$D:$D,'Forecast Summary'!$A8,'Trended Forecast Pipeline'!$C:$C,'Forecast Summary'!D$18) -> 134899.07 | E8: =SUMIFS('Trended Forecast Pipeline'!$O:$O,'Trended Forecast Pipeline'!$D:$D,'Forecast Summary'!$A8,'Trended Forecast Pipeline'!$C:$C,'Forecast Summary'!E$18) -> 92901.31 | F8: =SUMIFS('Trended Forecast Pipeline'!$O:$O,'Trended Forecast Pipeline'!$D:$D,'Forecast Summary'!$A8,'Trended Forecast Pipeline'!$C:$C,'Forecast Summary'!F$18) -> 103359 | G8: =SUMIFS('Trended Forecast Pipeline'!$O:$O,'Trended Forecast Pipeline'!$D:$D,'Forecast Summary'!$A8,'Trended Forecast Pipeline'!$C:$C,'Forecast Summary'!G$18) -> 156506.02 | H8: =SUMIFS('Trended Forecast Pipeline'!$O:$O,'Trended Forecast Pipeline'!$D:$D,'Forecast Summary'!$A8,'Trended Forecast Pipeline'!$C:$C,'Forecast Summary'!H$18) -> 143841.19 | I8: =SUMIFS('Trended Forecast Pipeline'!$O:$O,'Trended Forecast Pipeline'!$D:$D,'Forecast Summary'!$A8,'Trended Forecast Pipeline'!$C:$C,'Forecast Summary'!I$18) -> 150363.92 | ... M8: =SUMIFS('Trended Forecast Pipeline'!$O:$O,'Trended Forecast Pipeline'!$D:$D,'Forecast Summary'!$A8,'Trended Forecast Pipeline'!$C:$C,'Forecast Summary'!M$18) -> 117964.09 | O8: =SUMIFS($B8:$M8,$B$2:$M$2,O$3) -> 269128.97 | P8: =SUMIFS($B8:$M8,$B$2:$M$2,P$3) -> 352766.33 | Q8: =SUMIFS($B8:$M8,$B$2:$M$2,Q$3) -> 412811.34 | R8: =SUMIFS($B8:$M8,$B$2:$M$2,R$3) -> 373148.96 | T8: =SUM(O8:R8) -> 1407855.6
A9: Field Event | B9: =SUMIFS('Trended Forecast Pipeline'!$O:$O,'Trended Forecast Pipeline'!$D:$D,'Forecast Summary'!$A9,'Trended Forecast Pipeline'!$C:$C,'Forecast Summary'!B$18) -> 157151.36 | C9: =SUMIFS('Trended Forecast Pipeline'!$O:$O,'Trended Forecast Pipeline'!$D:$D,'Forecast Summary'!$A9,'Trended Forecast Pipeline'!$C:$C,'Forecast Summary'!C$18) -> 185333.96 | D9: =SUMIFS('Trended Forecast Pipeline'!$O:$O,'Trended Forecast Pipeline'!$D:$D,'Forecast Summary'!$A9,'Trended Forecast Pipeline'!$C:$C,'Forecast Summary'!D$18) -> 254356.24 | E9: =SUMIFS('Trended Forecast Pipeline'!$O:$O,'Trended Forecast Pipeline'!$D:$D,'Forecast Summary'!$A9,'Trended Forecast Pipeline'!$C:$C,'Forecast Summary'!E$18) -> 203649.66 | F9: =SUMIFS('Trended Forecast Pipeline'!$O:$O,'Trended Forecast Pipeline'!$D:$D,'Forecast Summary'!$A9,'Trended Forecast Pipeline'!$C:$C,'Forecast Summary'!F$18) -> 228200.18 | G9: =SUMIFS('Trended Forecast Pipeline'!$O:$O,'Trended Forecast Pipeline'!$D:$D,'Forecast Summary'!$A9,'Trended Forecast Pipeline'!$C:$C,'Forecast Summary'!G$18) -> 333359.79 | H9: =SUMIFS('Trended Forecast Pipeline'!$O:$O,'Trended Forecast Pipeline'!$D:$D,'Forecast Summary'!$A9,'Trended Forecast Pipeline'!$C:$C,'Forecast Summary'!H$18) -> 252744.06 | I9: =SUMIFS('Trended Forecast Pipeline'!$O:$O,'Trended Forecast Pipeline'!$D:$D,'Forecast Summary'!$A9,'Trended Forecast Pipeline'!$C:$C,'Forecast Summary'!I$18) -> 288959.62 | ... M9: =SUMIFS('Trended Forecast Pipeline'!$O:$O,'Trended Forecast Pipeline'!$D:$D,'Forecast Summary'!$A9,'Trended Forecast Pipeline'!$C:$C,'Forecast Summary'!M$18) -> 240577.97 | O9: =SUMIFS($B9:$M9,$B$2:$M$2,O$3) -> 596841.56 | P9: =SUMIFS($B9:$M9,$B$2:$M$2,P$3) -> 765209.63 | Q9: =SUMIFS($B9:$M9,$B$2:$M$2,Q$3) -> 776962.56 | R9: =SUMIFS($B9:$M9,$B$2:$M$2,R$3) -> 690429.59 | T9: =SUM(O9:R9) -> 2829443.3
A10: Referral | B10: =SUMIFS('Trended Forecast Pipeline'!$O:$O,'Trended Forecast Pipeline'!$D:$D,'Forecast Summary'!$A10,'Trended Forecast Pipeline'!$C:$C,'Forecast Summary'!B$18) -> 2784.34 | C10: =SUMIFS('Trended Forecast Pipeline'!$O:$O,'Trended Forecast Pipeline'!$D:$D,'Forecast Summary'!$A10,'Trended Forecast Pipeline'!$C:$C,'Forecast Summary'!C$18) -> 3180.98 | D10: =SUMIFS('Trended Forecast Pipeline'!$O:$O,'Trended Forecast Pipeline'!$D:$D,'Forecast Summary'!$A10,'Trended Forecast Pipeline'!$C:$C,'Forecast Summary'!D$18) -> 4026.89 | E10: =SUMIFS('Trended Forecast Pipeline'!$O:$O,'Trended Forecast Pipeline'!$D:$D,'Forecast Summary'!$A10,'Trended Forecast Pipeline'!$C:$C,'Forecast Summary'!E$18) -> 3801.73 | F10: =SUMIFS('Trended Forecast Pipeline'!$O:$O,'Trended Forecast Pipeline'!$D:$D,'Forecast Summary'!$A10,'Trended Forecast Pipeline'!$C:$C,'Forecast Summary'!F$18) -> 3943.07 | G10: =SUMIFS('Trended Forecast Pipeline'!$O:$O,'Trended Forecast Pipeline'!$D:$D,'Forecast Summary'!$A10,'Trended Forecast Pipeline'!$C:$C,'Forecast Summary'!G$18) -> 17811.47 | H10: =SUMIFS('Trended Forecast Pipeline'!$O:$O,'Trended Forecast Pipeline'!$D:$D,'Forecast Summary'!$A10,'Trended Forecast Pipeline'!$C:$C,'Forecast Summary'!H$18) -> 12110.09 | I10: =SUMIFS('Trended Forecast Pipeline'!$O:$O,'Trended Forecast Pipeline'!$D:$D,'Forecast Summary'!$A10,'Trended Forecast Pipeline'!$C:$C,'Forecast Summary'!I$18) -> 19156.65 | ... M10: =SUMIFS('Trended Forecast Pipeline'!$O:$O,'Trended Forecast Pipeline'!$D:$D,'Forecast Summary'!$A10,'Trended Forecast Pipeline'!$C:$C,'Forecast Summary'!M$18) -> 12923.22 | O10: =SUMIFS($B10:$M10,$B$2:$M$2,O$3) -> 9992.21 | P10: =SUMIFS($B10:$M10,$B$2:$M$2,P$3) -> 25556.27 | Q10: =SUMIFS($B10:$M10,$B$2:$M$2,Q$3) -> 43805.99 | R10: =SUMIFS($B10:$M10,$B$2:$M$2,R$3) -> 36048.24 | T10: =SUM(O10:R10) -> 115402.71
A11: Direct | B11: =SUMIFS('Trended Forecast Pipeline'!$O:$O,'Trended Forecast Pipeline'!$D:$D,'Forecast Summary'!$A11,'Trended Forecast Pipeline'!$C:$C,'Forecast Summary'!B$18) -> 5458.96 | C11: =SUMIFS('Trended Forecast Pipeline'!$O:$O,'Trended Forecast Pipeline'!$D:$D,'Forecast Summary'!$A11,'Trended Forecast Pipeline'!$C:$C,'Forecast Summary'!C$18) -> 6077.85 | D11: =SUMIFS('Trended Forecast Pipeline'!$O:$O,'Trended Forecast Pipeline'!$D:$D,'Forecast Summary'!$A11,'Trended Forecast Pipeline'!$C:$C,'Forecast Summary'!D$18) -> 10422.21 | E11: =SUMIFS('Trended Forecast Pipeline'!$O:$O,'Trended Forecast Pipeline'!$D:$D,'Forecast Summary'!$A11,'Trended Forecast Pipeline'!$C:$C,'Forecast Summary'!E$18) -> 7870.29 | F11: =SUMIFS('Trended Forecast Pipeline'!$O:$O,'Trended Forecast Pipeline'!$D:$D,'Forecast Summary'!$A11,'Trended Forecast Pipeline'!$C:$C,'Forecast Summary'!F$18) -> 9409.53 | G11: =SUMIFS('Trended Forecast Pipeline'!$O:$O,'Trended Forecast Pipeline'!$D:$D,'Forecast Summary'!$A11,'Trended Forecast Pipeline'!$C:$C,'Forecast Summary'!G$18) -> 38931.74 | H11: =SUMIFS('Trended Forecast Pipeline'!$O:$O,'Trended Forecast Pipeline'!$D:$D,'Forecast Summary'!$A11,'Trended Forecast Pipeline'!$C:$C,'Forecast Summary'!H$18) -> 28476.66 | I11: =SUMIFS('Trended Forecast Pipeline'!$O:$O,'Trended Forecast Pipeline'!$D:$D,'Forecast Summary'!$A11,'Trended Forecast Pipeline'!$C:$C,'Forecast Summary'!I$18) -> 29527.14 | ... M11: =SUMIFS('Trended Forecast Pipeline'!$O:$O,'Trended Forecast Pipeline'!$D:$D,'Forecast Summary'!$A11,'Trended Forecast Pipeline'!$C:$C,'Forecast Summary'!M$18) -> 27525.01 | O11: =SUMIFS($B11:$M11,$B$2:$M$2,O$3) -> 21959.02 | P11: =SUMIFS($B11:$M11,$B$2:$M$2,P$3) -> 56211.56 | Q11: =SUMIFS($B11:$M11,$B$2:$M$2,Q$3) -> 89327.09 | R11: =SUMIFS($B11:$M11,$B$2:$M$2,R$3) -> 84073.16 | T11: =SUM(O11:R11) -> 251570.83
A12: Content Syndication | B12: =SUMIFS('Trended Forecast Pipeline'!$O:$O,'Trended Forecast Pipeline'!$D:$D,'Forecast Summary'!$A12,'Trended Forecast Pipeline'!$C:$C,'Forecast Summary'!B$18) -> 162664.94 | C12: =SUMIFS('Trended Forecast Pipeline'!$O:$O,'Trended Forecast Pipeline'!$D:$D,'Forecast Summary'!$A12,'Trended Forecast Pipeline'!$C:$C,'Forecast Summary'!C$18) -> 197722.26 | D12: =SUMIFS('Trended Forecast Pipeline'!$O:$O,'Trended Forecast Pipeline'!$D:$D,'Forecast Summary'!$A12,'Trended Forecast Pipeline'!$C:$C,'Forecast Summary'!D$18) -> 260868.19 | E12: =SUMIFS('Trended Forecast Pipeline'!$O:$O,'Trended Forecast Pipeline'!$D:$D,'Forecast Summary'!$A12,'Trended Forecast Pipeline'!$C:$C,'Forecast Summary'!E$18) -> 229615.64 | F12: =SUMIFS('Trended Forecast Pipeline'!$O:$O,'Trended Forecast Pipeline'!$D:$D,'Forecast Summary'!$A12,'Trended Forecast Pipeline'!$C:$C,'Forecast Summary'!F$18) -> 258252.7 | G12: =SUMIFS('Trended Forecast Pipeline'!$O:$O,'Trended Forecast Pipeline'!$D:$D,'Forecast Summary'!$A12,'Trended Forecast Pipeline'!$C:$C,'Forecast Summary'!G$18) -> 222334.97 | H12: =SUMIFS('Trended Forecast Pipeline'!$O:$O,'Trended Forecast Pipeline'!$D:$D,'Forecast Summary'!$A12,'Trended Forecast Pipeline'!$C:$C,'Forecast Summary'!H$18) -> 178255.74 | I12: =SUMIFS('Trended Forecast Pipeline'!$O:$O,'Trended Forecast Pipeline'!$D:$D,'Forecast Summary'!$A12,'Trended Forecast Pipeline'!$C:$C,'Forecast Summary'!I$18) -> 184350.74 | ... M12: =SUMIFS('Trended Forecast Pipeline'!$O:$O,'Trended Forecast Pipeline'!$D:$D,'Forecast Summary'!$A12,'Trended Forecast Pipeline'!$C:$C,'Forecast Summary'!M$18) -> 157353.13 | O12: =SUMIFS($B12:$M12,$B$2:$M$2,O$3) -> 621255.39 | P12: =SUMIFS($B12:$M12,$B$2:$M$2,P$3) -> 710203.31 | Q12: =SUMIFS($B12:$M12,$B$2:$M$2,Q$3) -> 531494.46 | R12: =SUMIFS($B12:$M12,$B$2:$M$2,R$3) -> 470437.82 | T12: =SUM(O12:R12) -> 2333391
A13: Outbound | B13: =SUMIFS('Trended Forecast Pipeline'!$O:$O,'Trended Forecast Pipeline'!$D:$D,'Forecast Summary'!$A13,'Trended Forecast Pipeline'!$C:$C,'Forecast Summary'!B$18) -> 62001.58 | C13: =SUMIFS('Trended Forecast Pipeline'!$O:$O,'Trended Forecast Pipeline'!$D:$D,'Forecast Summary'!$A13,'Trended Forecast Pipeline'!$C:$C,'Forecast Summary'!C$18) -> 79657.91 | D13: =SUMIFS('Trended Forecast Pipeline'!$O:$O,'Trended Forecast Pipeline'!$D:$D,'Forecast Summary'!$A13,'Trended Forecast Pipeline'!$C:$C,'Forecast Summary'!D$18) -> 108865.02 | E13: =SUMIFS('Trended Forecast Pipeline'!$O:$O,'Trended Forecast Pipeline'!$D:$D,'Forecast Summary'!$A13,'Trended Forecast Pipeline'!$C:$C,'Forecast Summary'!E$18) -> 76481.42 | F13: =SUMIFS('Trended Forecast Pipeline'!$O:$O,'Trended Forecast Pipeline'!$D:$D,'Forecast Summary'!$A13,'Trended Forecast Pipeline'!$C:$C,'Forecast Summary'!F$18) -> 95414.83 | G13: =SUMIFS('Trended Forecast Pipeline'!$O:$O,'Trended Forecast Pipeline'!$D:$D,'Forecast Summary'!$A13,'Trended Forecast Pipeline'!$C:$C,'Forecast Summary'!G$18) -> 82075.88 | H13: =SUMIFS('Trended Forecast Pipeline'!$O:$O,'Trended Forecast Pipeline'!$D:$D,'Forecast Summary'!$A13,'Trended Forecast Pipeline'!$C:$C,'Forecast Summary'!H$18) -> 70026.8 | I13: =SUMIFS('Trended Forecast Pipeline'!$O:$O,'Trended Forecast Pipeline'!$D:$D,'Forecast Summary'!$A13,'Trended Forecast Pipeline'!$C:$C,'Forecast Summary'!I$18) -> 83046.72 | ... M13: =SUMIFS('Trended Forecast Pipeline'!$O:$O,'Trended Forecast Pipeline'!$D:$D,'Forecast Summary'!$A13,'Trended Forecast Pipeline'!$C:$C,'Forecast Summary'!M$18) -> 74802.41 | O13: =SUMIFS($B13:$M13,$B$2:$M$2,O$3) -> 250524.51 | P13: =SUMIFS($B13:$M13,$B$2:$M$2,P$3) -> 253972.13 | Q13: =SUMIFS($B13:$M13,$B$2:$M$2,Q$3) -> 213979.69 | R13: =SUMIFS($B13:$M13,$B$2:$M$2,R$3) -> 198469.5 | T13: =SUM(O13:R13) -> 916945.83
A14: Customer Success | B14: =SUMIFS('Trended Forecast Pipeline'!$O:$O,'Trended Forecast Pipeline'!$D:$D,'Forecast Summary'!$A14,'Trended Forecast Pipeline'!$C:$C,'Forecast Summary'!B$18) -> 1003.39 | C14: =SUMIFS('Trended Forecast Pipeline'!$O:$O,'Trended Forecast Pipeline'!$D:$D,'Forecast Summary'!$A14,'Trended Forecast Pipeline'!$C:$C,'Forecast Summary'!C$18) -> 1320.96 | D14: =SUMIFS('Trended Forecast Pipeline'!$O:$O,'Trended Forecast Pipeline'!$D:$D,'Forecast Summary'!$A14,'Trended Forecast Pipeline'!$C:$C,'Forecast Summary'!D$18) -> 1696.77 | E14: =SUMIFS('Trended Forecast Pipeline'!$O:$O,'Trended Forecast Pipeline'!$D:$D,'Forecast Summary'!$A14,'Trended Forecast Pipeline'!$C:$C,'Forecast Summary'!E$18) -> 1323.28 | F14: =SUMIFS('Trended Forecast Pipeline'!$O:$O,'Trended Forecast Pipeline'!$D:$D,'Forecast Summary'!$A14,'Trended Forecast Pipeline'!$C:$C,'Forecast Summary'!F$18) -> 1597.75 | G14: =SUMIFS('Trended Forecast Pipeline'!$O:$O,'Trended Forecast Pipeline'!$D:$D,'Forecast Summary'!$A14,'Trended Forecast Pipeline'!$C:$C,'Forecast Summary'!G$18) -> 3340.69 | H14: =SUMIFS('Trended Forecast Pipeline'!$O:$O,'Trended Forecast Pipeline'!$D:$D,'Forecast Summary'!$A14,'Trended Forecast Pipeline'!$C:$C,'Forecast Summary'!H$18) -> 2497.33 | I14: =SUMIFS('Trended Forecast Pipeline'!$O:$O,'Trended Forecast Pipeline'!$D:$D,'Forecast Summary'!$A14,'Trended Forecast Pipeline'!$C:$C,'Forecast Summary'!I$18) -> 3114.79 | ... M14: =SUMIFS('Trended Forecast Pipeline'!$O:$O,'Trended Forecast Pipeline'!$D:$D,'Forecast Summary'!$A14,'Trended Forecast Pipeline'!$C:$C,'Forecast Summary'!M$18) -> 1919.96 | O14: =SUMIFS($B14:$M14,$B$2:$M$2,O$3) -> 4021.12 | P14: =SUMIFS($B14:$M14,$B$2:$M$2,P$3) -> 6261.72 | Q14: =SUMIFS($B14:$M14,$B$2:$M$2,Q$3) -> 7773.27 | R14: =SUMIFS($B14:$M14,$B$2:$M$2,R$3) -> 6000.92 | T14: =SUM(O14:R14) -> 24057.03
A15: Total | B15: =SUM(B4:B14) -> 1101327.3 | C15: =SUM(C4:C14) -> 1276813.9 | D15: =SUM(D4:D14) -> 1863331.6 | E15: =SUM(E4:E14) -> 1511949.2 | F15: =SUM(F4:F14) -> 1798464.2 | G15: =SUM(G4:G14) -> 2052112.5 | H15: =SUM(H4:H14) -> 1672505.7 | I15: =SUM(I4:I14) -> 1831356.5 | ... M15: =SUM(M4:M14) -> 1550185 | O15: =SUMIFS($B15:$M15,$B$2:$M$2,O$3) -> 4241472.8 | P15: =SUMIFS($B15:$M15,$B$2:$M$2,P$3) -> 5362525.8 | Q15: =SUMIFS($B15:$M15,$B$2:$M$2,Q$3) -> 5066762.3 | R15: =SUMIFS($B15:$M15,$B$2:$M$2,R$3) -> 4497684.7 | T15: =SUM(O15:R15) -> 19168446
A17: MQL | B17: Q1 | C17: Q1 | D17: Q1 | E17: Q2 | F17: Q2 | G17: Q2 | H17: Q3 | I17: Q3 | J17: Q3 | K17: Q4 | L17: Q4 | M17: Q4
A18: marketing_channel | B18: 2026-01 | C18: 2026-02 | D18: 2026-03 | E18: 2026-04 | F18: 2026-05 | G18: 2026-06 | H18: 2026-07 | I18: 2026-08 | J18: 2026-09 | K18: 2026-10 | L18: 2026-11 | M18: 2026-12 | O18: Q1 | P18: Q2 | Q18: Q3 | R18: Q4 | T18: FY26
A19: Paid Search | B19: =SUMIFS('Trended Forecast Pipeline'!$E:$E,'Trended Forecast Pipeline'!$D:$D,'Forecast Summary'!$A19,'Trended Forecast Pipeline'!$C:$C,'Forecast Summary'!B$18) -> 600 | C19: =SUMIFS('Trended Forecast Pipeline'!$E:$E,'Trended Forecast Pipeline'!$D:$D,'Forecast Summary'!$A19,'Trended Forecast Pipeline'!$C:$C,'Forecast Summary'!C$18) -> 620 | D19: =SUMIFS('Trended Forecast Pipeline'!$E:$E,'Trended Forecast Pipeline'!$D:$D,'Forecast Summary'!$A19,'Trended Forecast Pipeline'!$C:$C,'Forecast Summary'!D$18) -> 655 | E19: =SUMIFS('Trended Forecast Pipeline'!$E:$E,'Trended Forecast Pipeline'!$D:$D,'Forecast Summary'!$A19,'Trended Forecast Pipeline'!$C:$C,'Forecast Summary'!E$18) -> 623 | F19: =SUMIFS('Trended Forecast Pipeline'!$E:$E,'Trended Forecast Pipeline'!$D:$D,'Forecast Summary'!$A19,'Trended Forecast Pipeline'!$C:$C,'Forecast Summary'!F$18) -> 708 | G19: =SUMIFS('Trended Forecast Pipeline'!$E:$E,'Trended Forecast Pipeline'!$D:$D,'Forecast Summary'!$A19,'Trended Forecast Pipeline'!$C:$C,'Forecast Summary'!G$18) -> 167 | H19: =SUMIFS('Trended Forecast Pipeline'!$E:$E,'Trended Forecast Pipeline'!$D:$D,'Forecast Summary'!$A19,'Trended Forecast Pipeline'!$C:$C,'Forecast Summary'!H$18) -> 177 | I19: =SUMIFS('Trended Forecast Pipeline'!$E:$E,'Trended Forecast Pipeline'!$D:$D,'Forecast Summary'!$A19,'Trended Forecast Pipeline'!$C:$C,'Forecast Summary'!I$18) -> 195 | ... M19: =SUMIFS('Trended Forecast Pipeline'!$E:$E,'Trended Forecast Pipeline'!$D:$D,'Forecast Summary'!$A19,'Trended Forecast Pipeline'!$C:$C,'Forecast Summary'!M$18) -> 313 | O19: =SUMIFS($B19:$M19,$B$2:$M$2,O$3) -> 1875 | P19: =SUMIFS($B19:$M19,$B$2:$M$2,P$3) -> 1498 | Q19: =SUMIFS($B19:$M19,$B$2:$M$2,Q$3) -> 592 | R19: =SUMIFS($B19:$M19,$B$2:$M$2,R$3) -> 823 | T19: =SUM(O19:R19) -> 4788
A20: Paid Social | B20: =SUMIFS('Trended Forecast Pipeline'!$E:$E,'Trended Forecast Pipeline'!$D:$D,'Forecast Summary'!$A20,'Trended Forecast Pipeline'!$C:$C,'Forecast Summary'!B$18) -> 808 | C20: =SUMIFS('Trended Forecast Pipeline'!$E:$E,'Trended Forecast Pipeline'!$D:$D,'Forecast Summary'!$A20,'Trended Forecast Pipeline'!$C:$C,'Forecast Summary'!C$18) -> 864 | D20: =SUMIFS('Trended Forecast Pipeline'!$E:$E,'Trended Forecast Pipeline'!$D:$D,'Forecast Summary'!$A20,'Trended Forecast Pipeline'!$C:$C,'Forecast Summary'!D$18) -> 936 | E20: =SUMIFS('Trended Forecast Pipeline'!$E:$E,'Trended Forecast Pipeline'!$D:$D,'Forecast Summary'!$A20,'Trended Forecast Pipeline'!$C:$C,'Forecast Summary'!E$18) -> 964 | F20: =SUMIFS('Trended Forecast Pipeline'!$E:$E,'Trended Forecast Pipeline'!$D:$D,'Forecast Summary'!$A20,'Trended Forecast Pipeline'!$C:$C,'Forecast Summary'!F$18) -> 1036 | G20: =SUMIFS('Trended Forecast Pipeline'!$E:$E,'Trended Forecast Pipeline'!$D:$D,'Forecast Summary'!$A20,'Trended Forecast Pipeline'!$C:$C,'Forecast Summary'!G$18) -> 218 | H20: =SUMIFS('Trended Forecast Pipeline'!$E:$E,'Trended Forecast Pipeline'!$D:$D,'Forecast Summary'!$A20,'Trended Forecast Pipeline'!$C:$C,'Forecast Summary'!H$18) -> 247 | I20: =SUMIFS('Trended Forecast Pipeline'!$E:$E,'Trended Forecast Pipeline'!$D:$D,'Forecast Summary'!$A20,'Trended Forecast Pipeline'!$C:$C,'Forecast Summary'!I$18) -> 242 | ... M20: =SUMIFS('Trended Forecast Pipeline'!$E:$E,'Trended Forecast Pipeline'!$D:$D,'Forecast Summary'!$A20,'Trended Forecast Pipeline'!$C:$C,'Forecast Summary'!M$18) -> 416 | O20: =SUMIFS($B20:$M20,$B$2:$M$2,O$3) -> 2608 | P20: =SUMIFS($B20:$M20,$B$2:$M$2,P$3) -> 2218 | Q20: =SUMIFS($B20:$M20,$B$2:$M$2,Q$3) -> 795 | R20: =SUMIFS($B20:$M20,$B$2:$M$2,R$3) -> 1072 | T20: =SUM(O20:R20) -> 6693
A21: Organic Search | B21: =SUMIFS('Trended Forecast Pipeline'!$E:$E,'Trended Forecast Pipeline'!$D:$D,'Forecast Summary'!$A21,'Trended Forecast Pipeline'!$C:$C,'Forecast Summary'!B$18) -> 366 | C21: =SUMIFS('Trended Forecast Pipeline'!$E:$E,'Trended Forecast Pipeline'!$D:$D,'Forecast Summary'!$A21,'Trended Forecast Pipeline'!$C:$C,'Forecast Summary'!C$18) -> 402 | D21: =SUMIFS('Trended Forecast Pipeline'!$E:$E,'Trended Forecast Pipeline'!$D:$D,'Forecast Summary'!$A21,'Trended Forecast Pipeline'!$C:$C,'Forecast Summary'!D$18) -> 440 | E21: =SUMIFS('Trended Forecast Pipeline'!$E:$E,'Trended Forecast Pipeline'!$D:$D,'Forecast Summary'!$A21,'Trended Forecast Pipeline'!$C:$C,'Forecast Summary'!E$18) -> 452 | F21: =SUMIFS('Trended Forecast Pipeline'!$E:$E,'Trended Forecast Pipeline'!$D:$D,'Forecast Summary'!$A21,'Trended Forecast Pipeline'!$C:$C,'Forecast Summary'!F$18) -> 483 | G21: =SUMIFS('Trended Forecast Pipeline'!$E:$E,'Trended Forecast Pipeline'!$D:$D,'Forecast Summary'!$A21,'Trended Forecast Pipeline'!$C:$C,'Forecast Summary'!G$18) -> 56 | H21: =SUMIFS('Trended Forecast Pipeline'!$E:$E,'Trended Forecast Pipeline'!$D:$D,'Forecast Summary'!$A21,'Trended Forecast Pipeline'!$C:$C,'Forecast Summary'!H$18) -> 53 | I21: =SUMIFS('Trended Forecast Pipeline'!$E:$E,'Trended Forecast Pipeline'!$D:$D,'Forecast Summary'!$A21,'Trended Forecast Pipeline'!$C:$C,'Forecast Summary'!I$18) -> 66 | ... M21: =SUMIFS('Trended Forecast Pipeline'!$E:$E,'Trended Forecast Pipeline'!$D:$D,'Forecast Summary'!$A21,'Trended Forecast Pipeline'!$C:$C,'Forecast Summary'!M$18) -> 100 | O21: =SUMIFS($B21:$M21,$B$2:$M$2,O$3) -> 1208 | P21: =SUMIFS($B21:$M21,$B$2:$M$2,P$3) -> 991 | Q21: =SUMIFS($B21:$M21,$B$2:$M$2,Q$3) -> 182 | R21: =SUMIFS($B21:$M21,$B$2:$M$2,R$3) -> 267 | T21: =SUM(O21:R21) -> 2648
A22: Partner | B22: =SUMIFS('Trended Forecast Pipeline'!$E:$E,'Trended Forecast Pipeline'!$D:$D,'Forecast Summary'!$A22,'Trended Forecast Pipeline'!$C:$C,'Forecast Summary'!B$18) -> 161 | C22: =SUMIFS('Trended Forecast Pipeline'!$E:$E,'Trended Forecast Pipeline'!$D:$D,'Forecast Summary'!$A22,'Trended Forecast Pipeline'!$C:$C,'Forecast Summary'!C$18) -> 175 | D22: =SUMIFS('Trended Forecast Pipeline'!$E:$E,'Trended Forecast Pipeline'!$D:$D,'Forecast Summary'!$A22,'Trended Forecast Pipeline'!$C:$C,'Forecast Summary'!D$18) -> 196 | E22: =SUMIFS('Trended Forecast Pipeline'!$E:$E,'Trended Forecast Pipeline'!$D:$D,'Forecast Summary'!$A22,'Trended Forecast Pipeline'!$C:$C,'Forecast Summary'!E$18) -> 198 | F22: =SUMIFS('Trended Forecast Pipeline'!$E:$E,'Trended Forecast Pipeline'!$D:$D,'Forecast Summary'!$A22,'Trended Forecast Pipeline'!$C:$C,'Forecast Summary'!F$18) -> 203 | G22: =SUMIFS('Trended Forecast Pipeline'!$E:$E,'Trended Forecast Pipeline'!$D:$D,'Forecast Summary'!$A22,'Trended Forecast Pipeline'!$C:$C,'Forecast Summary'!G$18) -> 32 | H22: =SUMIFS('Trended Forecast Pipeline'!$E:$E,'Trended Forecast Pipeline'!$D:$D,'Forecast Summary'!$A22,'Trended Forecast Pipeline'!$C:$C,'Forecast Summary'!H$18) -> 39 | I22: =SUMIFS('Trended Forecast Pipeline'!$E:$E,'Trended Forecast Pipeline'!$D:$D,'Forecast Summary'!$A22,'Trended Forecast Pipeline'!$C:$C,'Forecast Summary'!I$18) -> 40 | ... M22: =SUMIFS('Trended Forecast Pipeline'!$E:$E,'Trended Forecast Pipeline'!$D:$D,'Forecast Summary'!$A22,'Trended Forecast Pipeline'!$C:$C,'Forecast Summary'!M$18) -> 58 | O22: =SUMIFS($B22:$M22,$B$2:$M$2,O$3) -> 532 | P22: =SUMIFS($B22:$M22,$B$2:$M$2,P$3) -> 433 | Q22: =SUMIFS($B22:$M22,$B$2:$M$2,Q$3) -> 136 | R22: =SUMIFS($B22:$M22,$B$2:$M$2,R$3) -> 183 | T22: =SUM(O22:R22) -> 1284
A23: Webinar | B23: =SUMIFS('Trended Forecast Pipeline'!$E:$E,'Trended Forecast Pipeline'!$D:$D,'Forecast Summary'!$A23,'Trended Forecast Pipeline'!$C:$C,'Forecast Summary'!B$18) -> 370 | C23: =SUMIFS('Trended Forecast Pipeline'!$E:$E,'Trended Forecast Pipeline'!$D:$D,'Forecast Summary'!$A23,'Trended Forecast Pipeline'!$C:$C,'Forecast Summary'!C$18) -> 376 | D23: =SUMIFS('Trended Forecast Pipeline'!$E:$E,'Trended Forecast Pipeline'!$D:$D,'Forecast Summary'!$A23,'Trended Forecast Pipeline'!$C:$C,'Forecast Summary'!D$18) -> 440 | E23: =SUMIFS('Trended Forecast Pipeline'!$E:$E,'Trended Forecast Pipeline'!$D:$D,'Forecast Summary'!$A23,'Trended Forecast Pipeline'!$C:$C,'Forecast Summary'!E$18) -> 460 | F23: =SUMIFS('Trended Forecast Pipeline'!$E:$E,'Trended Forecast Pipeline'!$D:$D,'Forecast Summary'!$A23,'Trended Forecast Pipeline'!$C:$C,'Forecast Summary'!F$18) -> 446 | G23: =SUMIFS('Trended Forecast Pipeline'!$E:$E,'Trended Forecast Pipeline'!$D:$D,'Forecast Summary'!$A23,'Trended Forecast Pipeline'!$C:$C,'Forecast Summary'!G$18) -> 91 | H23: =SUMIFS('Trended Forecast Pipeline'!$E:$E,'Trended Forecast Pipeline'!$D:$D,'Forecast Summary'!$A23,'Trended Forecast Pipeline'!$C:$C,'Forecast Summary'!H$18) -> 95 | I23: =SUMIFS('Trended Forecast Pipeline'!$E:$E,'Trended Forecast Pipeline'!$D:$D,'Forecast Summary'!$A23,'Trended Forecast Pipeline'!$C:$C,'Forecast Summary'!I$18) -> 114 | ... M23: =SUMIFS('Trended Forecast Pipeline'!$E:$E,'Trended Forecast Pipeline'!$D:$D,'Forecast Summary'!$A23,'Trended Forecast Pipeline'!$C:$C,'Forecast Summary'!M$18) -> 169 | O23: =SUMIFS($B23:$M23,$B$2:$M$2,O$3) -> 1186 | P23: =SUMIFS($B23:$M23,$B$2:$M$2,P$3) -> 997 | Q23: =SUMIFS($B23:$M23,$B$2:$M$2,Q$3) -> 337 | R23: =SUMIFS($B23:$M23,$B$2:$M$2,R$3) -> 476 | T23: =SUM(O23:R23) -> 2996
A24: Field Event | B24: =SUMIFS('Trended Forecast Pipeline'!$E:$E,'Trended Forecast Pipeline'!$D:$D,'Forecast Summary'!$A24,'Trended Forecast Pipeline'!$C:$C,'Forecast Summary'!B$18) -> 151 | C24: =SUMIFS('Trended Forecast Pipeline'!$E:$E,'Trended Forecast Pipeline'!$D:$D,'Forecast Summary'!$A24,'Trended Forecast Pipeline'!$C:$C,'Forecast Summary'!C$18) -> 151 | D24: =SUMIFS('Trended Forecast Pipeline'!$E:$E,'Trended Forecast Pipeline'!$D:$D,'Forecast Summary'!$A24,'Trended Forecast Pipeline'!$C:$C,'Forecast Summary'!D$18) -> 160 | E24: =SUMIFS('Trended Forecast Pipeline'!$E:$E,'Trended Forecast Pipeline'!$D:$D,'Forecast Summary'!$A24,'Trended Forecast Pipeline'!$C:$C,'Forecast Summary'!E$18) -> 153 | F24: =SUMIFS('Trended Forecast Pipeline'!$E:$E,'Trended Forecast Pipeline'!$D:$D,'Forecast Summary'!$A24,'Trended Forecast Pipeline'!$C:$C,'Forecast Summary'!F$18) -> 160 | G24: =SUMIFS('Trended Forecast Pipeline'!$E:$E,'Trended Forecast Pipeline'!$D:$D,'Forecast Summary'!$A24,'Trended Forecast Pipeline'!$C:$C,'Forecast Summary'!G$18) -> 25 | H24: =SUMIFS('Trended Forecast Pipeline'!$E:$E,'Trended Forecast Pipeline'!$D:$D,'Forecast Summary'!$A24,'Trended Forecast Pipeline'!$C:$C,'Forecast Summary'!H$18) -> 37 | I24: =SUMIFS('Trended Forecast Pipeline'!$E:$E,'Trended Forecast Pipeline'!$D:$D,'Forecast Summary'!$A24,'Trended Forecast Pipeline'!$C:$C,'Forecast Summary'!I$18) -> 35 | ... M24: =SUMIFS('Trended Forecast Pipeline'!$E:$E,'Trended Forecast Pipeline'!$D:$D,'Forecast Summary'!$A24,'Trended Forecast Pipeline'!$C:$C,'Forecast Summary'!M$18) -> 64 | O24: =SUMIFS($B24:$M24,$B$2:$M$2,O$3) -> 462 | P24: =SUMIFS($B24:$M24,$B$2:$M$2,P$3) -> 338 | Q24: =SUMIFS($B24:$M24,$B$2:$M$2,Q$3) -> 111 | R24: =SUMIFS($B24:$M24,$B$2:$M$2,R$3) -> 164 | T24: =SUM(O24:R24) -> 1075
A25: Referral | B25: =SUMIFS('Trended Forecast Pipeline'!$E:$E,'Trended Forecast Pipeline'!$D:$D,'Forecast Summary'!$A25,'Trended Forecast Pipeline'!$C:$C,'Forecast Summary'!B$18) -> 76 | C25: =SUMIFS('Trended Forecast Pipeline'!$E:$E,'Trended Forecast Pipeline'!$D:$D,'Forecast Summary'!$A25,'Trended Forecast Pipeline'!$C:$C,'Forecast Summary'!C$18) -> 83 | D25: =SUMIFS('Trended Forecast Pipeline'!$E:$E,'Trended Forecast Pipeline'!$D:$D,'Forecast Summary'!$A25,'Trended Forecast Pipeline'!$C:$C,'Forecast Summary'!D$18) -> 81 | E25: =SUMIFS('Trended Forecast Pipeline'!$E:$E,'Trended Forecast Pipeline'!$D:$D,'Forecast Summary'!$A25,'Trended Forecast Pipeline'!$C:$C,'Forecast Summary'!E$18) -> 90 | F25: =SUMIFS('Trended Forecast Pipeline'!$E:$E,'Trended Forecast Pipeline'!$D:$D,'Forecast Summary'!$A25,'Trended Forecast Pipeline'!$C:$C,'Forecast Summary'!F$18) -> 87 | G25: =SUMIFS('Trended Forecast Pipeline'!$E:$E,'Trended Forecast Pipeline'!$D:$D,'Forecast Summary'!$A25,'Trended Forecast Pipeline'!$C:$C,'Forecast Summary'!G$18) -> 8 | H25: =SUMIFS('Trended Forecast Pipeline'!$E:$E,'Trended Forecast Pipeline'!$D:$D,'Forecast Summary'!$A25,'Trended Forecast Pipeline'!$C:$C,'Forecast Summary'!H$18) -> 7 | I25: =SUMIFS('Trended Forecast Pipeline'!$E:$E,'Trended Forecast Pipeline'!$D:$D,'Forecast Summary'!$A25,'Trended Forecast Pipeline'!$C:$C,'Forecast Summary'!I$18) -> 7 | ... M25: =SUMIFS('Trended Forecast Pipeline'!$E:$E,'Trended Forecast Pipeline'!$D:$D,'Forecast Summary'!$A25,'Trended Forecast Pipeline'!$C:$C,'Forecast Summary'!M$18) -> 16 | O25: =SUMIFS($B25:$M25,$B$2:$M$2,O$3) -> 240 | P25: =SUMIFS($B25:$M25,$B$2:$M$2,P$3) -> 185 | Q25: =SUMIFS($B25:$M25,$B$2:$M$2,Q$3) -> 22 | R25: =SUMIFS($B25:$M25,$B$2:$M$2,R$3) -> 40 | T25: =SUM(O25:R25) -> 487
A26: Direct | B26: =SUMIFS('Trended Forecast Pipeline'!$E:$E,'Trended Forecast Pipeline'!$D:$D,'Forecast Summary'!$A26,'Trended Forecast Pipeline'!$C:$C,'Forecast Summary'!B$18) -> 175 | C26: =SUMIFS('Trended Forecast Pipeline'!$E:$E,'Trended Forecast Pipeline'!$D:$D,'Forecast Summary'!$A26,'Trended Forecast Pipeline'!$C:$C,'Forecast Summary'!C$18) -> 175 | D26: =SUMIFS('Trended Forecast Pipeline'!$E:$E,'Trended Forecast Pipeline'!$D:$D,'Forecast Summary'!$A26,'Trended Forecast Pipeline'!$C:$C,'Forecast Summary'!D$18) -> 197 | E26: =SUMIFS('Trended Forecast Pipeline'!$E:$E,'Trended Forecast Pipeline'!$D:$D,'Forecast Summary'!$A26,'Trended Forecast Pipeline'!$C:$C,'Forecast Summary'!E$18) -> 183 | F26: =SUMIFS('Trended Forecast Pipeline'!$E:$E,'Trended Forecast Pipeline'!$D:$D,'Forecast Summary'!$A26,'Trended Forecast Pipeline'!$C:$C,'Forecast Summary'!F$18) -> 197 | G26: =SUMIFS('Trended Forecast Pipeline'!$E:$E,'Trended Forecast Pipeline'!$D:$D,'Forecast Summary'!$A26,'Trended Forecast Pipeline'!$C:$C,'Forecast Summary'!G$18) -> 30 | H26: =SUMIFS('Trended Forecast Pipeline'!$E:$E,'Trended Forecast Pipeline'!$D:$D,'Forecast Summary'!$A26,'Trended Forecast Pipeline'!$C:$C,'Forecast Summary'!H$18) -> 29 | I26: =SUMIFS('Trended Forecast Pipeline'!$E:$E,'Trended Forecast Pipeline'!$D:$D,'Forecast Summary'!$A26,'Trended Forecast Pipeline'!$C:$C,'Forecast Summary'!I$18) -> 29 | ... M26: =SUMIFS('Trended Forecast Pipeline'!$E:$E,'Trended Forecast Pipeline'!$D:$D,'Forecast Summary'!$A26,'Trended Forecast Pipeline'!$C:$C,'Forecast Summary'!M$18) -> 51 | O26: =SUMIFS($B26:$M26,$B$2:$M$2,O$3) -> 547 | P26: =SUMIFS($B26:$M26,$B$2:$M$2,P$3) -> 410 | Q26: =SUMIFS($B26:$M26,$B$2:$M$2,Q$3) -> 99 | R26: =SUMIFS($B26:$M26,$B$2:$M$2,R$3) -> 161 | T26: =SUM(O26:R26) -> 1217
A27: Content Syndication | B27: =SUMIFS('Trended Forecast Pipeline'!$E:$E,'Trended Forecast Pipeline'!$D:$D,'Forecast Summary'!$A27,'Trended Forecast Pipeline'!$C:$C,'Forecast Summary'!B$18) -> 525 | C27: =SUMIFS('Trended Forecast Pipeline'!$E:$E,'Trended Forecast Pipeline'!$D:$D,'Forecast Summary'!$A27,'Trended Forecast Pipeline'!$C:$C,'Forecast Summary'!C$18) -> 612 | D27: =SUMIFS('Trended Forecast Pipeline'!$E:$E,'Trended Forecast Pipeline'!$D:$D,'Forecast Summary'!$A27,'Trended Forecast Pipeline'!$C:$C,'Forecast Summary'!D$18) -> 600 | E27: =SUMIFS('Trended Forecast Pipeline'!$E:$E,'Trended Forecast Pipeline'!$D:$D,'Forecast Summary'!$A27,'Trended Forecast Pipeline'!$C:$C,'Forecast Summary'!E$18) -> 620 | F27: =SUMIFS('Trended Forecast Pipeline'!$E:$E,'Trended Forecast Pipeline'!$D:$D,'Forecast Summary'!$A27,'Trended Forecast Pipeline'!$C:$C,'Forecast Summary'!F$18) -> 637 | G27: =SUMIFS('Trended Forecast Pipeline'!$E:$E,'Trended Forecast Pipeline'!$D:$D,'Forecast Summary'!$A27,'Trended Forecast Pipeline'!$C:$C,'Forecast Summary'!G$18) -> 184 | H27: =SUMIFS('Trended Forecast Pipeline'!$E:$E,'Trended Forecast Pipeline'!$D:$D,'Forecast Summary'!$A27,'Trended Forecast Pipeline'!$C:$C,'Forecast Summary'!H$18) -> 176 | I27: =SUMIFS('Trended Forecast Pipeline'!$E:$E,'Trended Forecast Pipeline'!$D:$D,'Forecast Summary'!$A27,'Trended Forecast Pipeline'!$C:$C,'Forecast Summary'!I$18) -> 177 | ... M27: =SUMIFS('Trended Forecast Pipeline'!$E:$E,'Trended Forecast Pipeline'!$D:$D,'Forecast Summary'!$A27,'Trended Forecast Pipeline'!$C:$C,'Forecast Summary'!M$18) -> 315 | O27: =SUMIFS($B27:$M27,$B$2:$M$2,O$3) -> 1737 | P27: =SUMIFS($B27:$M27,$B$2:$M$2,P$3) -> 1441 | Q27: =SUMIFS($B27:$M27,$B$2:$M$2,Q$3) -> 595 | R27: =SUMIFS($B27:$M27,$B$2:$M$2,R$3) -> 833 | T27: =SUM(O27:R27) -> 4606
A28: Outbound | B28: =SUMIFS('Trended Forecast Pipeline'!$E:$E,'Trended Forecast Pipeline'!$D:$D,'Forecast Summary'!$A28,'Trended Forecast Pipeline'!$C:$C,'Forecast Summary'!B$18) -> 392 | C28: =SUMIFS('Trended Forecast Pipeline'!$E:$E,'Trended Forecast Pipeline'!$D:$D,'Forecast Summary'!$A28,'Trended Forecast Pipeline'!$C:$C,'Forecast Summary'!C$18) -> 436 | D28: =SUMIFS('Trended Forecast Pipeline'!$E:$E,'Trended Forecast Pipeline'!$D:$D,'Forecast Summary'!$A28,'Trended Forecast Pipeline'!$C:$C,'Forecast Summary'!D$18) -> 421 | E28: =SUMIFS('Trended Forecast Pipeline'!$E:$E,'Trended Forecast Pipeline'!$D:$D,'Forecast Summary'!$A28,'Trended Forecast Pipeline'!$C:$C,'Forecast Summary'!E$18) -> 436 | F28: =SUMIFS('Trended Forecast Pipeline'!$E:$E,'Trended Forecast Pipeline'!$D:$D,'Forecast Summary'!$A28,'Trended Forecast Pipeline'!$C:$C,'Forecast Summary'!F$18) -> 444 | G28: =SUMIFS('Trended Forecast Pipeline'!$E:$E,'Trended Forecast Pipeline'!$D:$D,'Forecast Summary'!$A28,'Trended Forecast Pipeline'!$C:$C,'Forecast Summary'!G$18) -> 55 | H28: =SUMIFS('Trended Forecast Pipeline'!$E:$E,'Trended Forecast Pipeline'!$D:$D,'Forecast Summary'!$A28,'Trended Forecast Pipeline'!$C:$C,'Forecast Summary'!H$18) -> 67 | I28: =SUMIFS('Trended Forecast Pipeline'!$E:$E,'Trended Forecast Pipeline'!$D:$D,'Forecast Summary'!$A28,'Trended Forecast Pipeline'!$C:$C,'Forecast Summary'!I$18) -> 59 | ... M28: =SUMIFS('Trended Forecast Pipeline'!$E:$E,'Trended Forecast Pipeline'!$D:$D,'Forecast Summary'!$A28,'Trended Forecast Pipeline'!$C:$C,'Forecast Summary'!M$18) -> 95 | O28: =SUMIFS($B28:$M28,$B$2:$M$2,O$3) -> 1249 | P28: =SUMIFS($B28:$M28,$B$2:$M$2,P$3) -> 935 | Q28: =SUMIFS($B28:$M28,$B$2:$M$2,Q$3) -> 191 | R28: =SUMIFS($B28:$M28,$B$2:$M$2,R$3) -> 252 | T28: =SUM(O28:R28) -> 2627
A29: Customer Success | B29: =SUMIFS('Trended Forecast Pipeline'!$E:$E,'Trended Forecast Pipeline'!$D:$D,'Forecast Summary'!$A29,'Trended Forecast Pipeline'!$C:$C,'Forecast Summary'!B$18) -> 56 | C29: =SUMIFS('Trended Forecast Pipeline'!$E:$E,'Trended Forecast Pipeline'!$D:$D,'Forecast Summary'!$A29,'Trended Forecast Pipeline'!$C:$C,'Forecast Summary'!C$18) -> 58 | D29: =SUMIFS('Trended Forecast Pipeline'!$E:$E,'Trended Forecast Pipeline'!$D:$D,'Forecast Summary'!$A29,'Trended Forecast Pipeline'!$C:$C,'Forecast Summary'!D$18) -> 61 | E29: =SUMIFS('Trended Forecast Pipeline'!$E:$E,'Trended Forecast Pipeline'!$D:$D,'Forecast Summary'!$A29,'Trended Forecast Pipeline'!$C:$C,'Forecast Summary'!E$18) -> 60 | F29: =SUMIFS('Trended Forecast Pipeline'!$E:$E,'Trended Forecast Pipeline'!$D:$D,'Forecast Summary'!$A29,'Trended Forecast Pipeline'!$C:$C,'Forecast Summary'!F$18) -> 68 | G29: =SUMIFS('Trended Forecast Pipeline'!$E:$E,'Trended Forecast Pipeline'!$D:$D,'Forecast Summary'!$A29,'Trended Forecast Pipeline'!$C:$C,'Forecast Summary'!G$18) -> 1 | H29: =SUMIFS('Trended Forecast Pipeline'!$E:$E,'Trended Forecast Pipeline'!$D:$D,'Forecast Summary'!$A29,'Trended Forecast Pipeline'!$C:$C,'Forecast Summary'!H$18) -> 1 | I29: =SUMIFS('Trended Forecast Pipeline'!$E:$E,'Trended Forecast Pipeline'!$D:$D,'Forecast Summary'!$A29,'Trended Forecast Pipeline'!$C:$C,'Forecast Summary'!I$18) -> 1 | ... M29: =SUMIFS('Trended Forecast Pipeline'!$E:$E,'Trended Forecast Pipeline'!$D:$D,'Forecast Summary'!$A29,'Trended Forecast Pipeline'!$C:$C,'Forecast Summary'!M$18) -> 1 | O29: =SUMIFS($B29:$M29,$B$2:$M$2,O$3) -> 175 | P29: =SUMIFS($B29:$M29,$B$2:$M$2,P$3) -> 129 | Q29: =SUMIFS($B29:$M29,$B$2:$M$2,Q$3) -> 3 | R29: =SUMIFS($B29:$M29,$B$2:$M$2,R$3) -> 3 | T29: =SUM(O29:R29) -> 310
A30: Total | B30: =SUM(B19:B29) -> 3680 | C30: =SUM(C19:C29) -> 3952 | D30: =SUM(D19:D29) -> 4187 | E30: =SUM(E19:E29) -> 4239 | F30: =SUM(F19:F29) -> 4469 | G30: =SUM(G19:G29) -> 867 | H30: =SUM(H19:H29) -> 928 | I30: =SUM(I19:I29) -> 965 | ... M30: =SUM(M19:M29) -> 1598 | O30: =SUMIFS($B30:$M30,$B$2:$M$2,O$3) -> 11819 | P30: =SUMIFS($B30:$M30,$B$2:$M$2,P$3) -> 9575 | Q30: =SUMIFS($B30:$M30,$B$2:$M$2,Q$3) -> 3063 | R30: =SUMIFS($B30:$M30,$B$2:$M$2,R$3) -> 4274 | T30: =SUM(O30:R30) -> 28731
A32: SQL | B32: Q1 | C32: Q1 | D32: Q1 | E32: Q2 | F32: Q2 | G32: Q2 | H32: Q3 | I32: Q3 | J32: Q3 | K32: Q4 | L32: Q4 | M32: Q4
A33: marketing_channel | B33: 2026-01 | C33: 2026-02 | D33: 2026-03 | E33: 2026-04 | F33: 2026-05 | G33: 2026-06 | H33: 2026-07 | I33: 2026-08 | J33: 2026-09 | K33: 2026-10 | L33: 2026-11 | M33: 2026-12 | O33: Q1 | P33: Q2 | Q33: Q3 | R33: Q4 | T33: FY26
A34: Paid Search | B34: =SUMIFS('Trended Forecast Pipeline'!$F:$F,'Trended Forecast Pipeline'!$D:$D,'Forecast Summary'!$A34,'Trended Forecast Pipeline'!$C:$C,'Forecast Summary'!B$18) -> 204 | C34: =SUMIFS('Trended Forecast Pipeline'!$F:$F,'Trended Forecast Pipeline'!$D:$D,'Forecast Summary'!$A34,'Trended Forecast Pipeline'!$C:$C,'Forecast Summary'!C$18) -> 211 | D34: =SUMIFS('Trended Forecast Pipeline'!$F:$F,'Trended Forecast Pipeline'!$D:$D,'Forecast Summary'!$A34,'Trended Forecast Pipeline'!$C:$C,'Forecast Summary'!D$18) -> 223 | E34: =SUMIFS('Trended Forecast Pipeline'!$F:$F,'Trended Forecast Pipeline'!$D:$D,'Forecast Summary'!$A34,'Trended Forecast Pipeline'!$C:$C,'Forecast Summary'!E$18) -> 212 | F34: =SUMIFS('Trended Forecast Pipeline'!$F:$F,'Trended Forecast Pipeline'!$D:$D,'Forecast Summary'!$A34,'Trended Forecast Pipeline'!$C:$C,'Forecast Summary'!F$18) -> 241 | G34: =SUMIFS('Trended Forecast Pipeline'!$F:$F,'Trended Forecast Pipeline'!$D:$D,'Forecast Summary'!$A34,'Trended Forecast Pipeline'!$C:$C,'Forecast Summary'!G$18) -> 57 | H34: =SUMIFS('Trended Forecast Pipeline'!$F:$F,'Trended Forecast Pipeline'!$D:$D,'Forecast Summary'!$A34,'Trended Forecast Pipeline'!$C:$C,'Forecast Summary'!H$18) -> 60 | I34: =SUMIFS('Trended Forecast Pipeline'!$F:$F,'Trended Forecast Pipeline'!$D:$D,'Forecast Summary'!$A34,'Trended Forecast Pipeline'!$C:$C,'Forecast Summary'!I$18) -> 66 | ... M34: =SUMIFS('Trended Forecast Pipeline'!$F:$F,'Trended Forecast Pipeline'!$D:$D,'Forecast Summary'!$A34,'Trended Forecast Pipeline'!$C:$C,'Forecast Summary'!M$18) -> 106 | O34: =SUMIFS($B34:$M34,$B$2:$M$2,O$3) -> 638 | P34: =SUMIFS($B34:$M34,$B$2:$M$2,P$3) -> 510 | Q34: =SUMIFS($B34:$M34,$B$2:$M$2,Q$3) -> 201 | R34: =SUMIFS($B34:$M34,$B$2:$M$2,R$3) -> 280 | T34: =SUM(O34:R34) -> 1629
A35: Paid Social | B35: =SUMIFS('Trended Forecast Pipeline'!$F:$F,'Trended Forecast Pipeline'!$D:$D,'Forecast Summary'!$A35,'Trended Forecast Pipeline'!$C:$C,'Forecast Summary'!B$18) -> 202 | C35: =SUMIFS('Trended Forecast Pipeline'!$F:$F,'Trended Forecast Pipeline'!$D:$D,'Forecast Summary'!$A35,'Trended Forecast Pipeline'!$C:$C,'Forecast Summary'!C$18) -> 216 | D35: =SUMIFS('Trended Forecast Pipeline'!$F:$F,'Trended Forecast Pipeline'!$D:$D,'Forecast Summary'!$A35,'Trended Forecast Pipeline'!$C:$C,'Forecast Summary'!D$18) -> 234 | E35: =SUMIFS('Trended Forecast Pipeline'!$F:$F,'Trended Forecast Pipeline'!$D:$D,'Forecast Summary'!$A35,'Trended Forecast Pipeline'!$C:$C,'Forecast Summary'!E$18) -> 241 | F35: =SUMIFS('Trended Forecast Pipeline'!$F:$F,'Trended Forecast Pipeline'!$D:$D,'Forecast Summary'!$A35,'Trended Forecast Pipeline'!$C:$C,'Forecast Summary'!F$18) -> 259 | G35: =SUMIFS('Trended Forecast Pipeline'!$F:$F,'Trended Forecast Pipeline'!$D:$D,'Forecast Summary'!$A35,'Trended Forecast Pipeline'!$C:$C,'Forecast Summary'!G$18) -> 54 | H35: =SUMIFS('Trended Forecast Pipeline'!$F:$F,'Trended Forecast Pipeline'!$D:$D,'Forecast Summary'!$A35,'Trended Forecast Pipeline'!$C:$C,'Forecast Summary'!H$18) -> 61 | I35: =SUMIFS('Trended Forecast Pipeline'!$F:$F,'Trended Forecast Pipeline'!$D:$D,'Forecast Summary'!$A35,'Trended Forecast Pipeline'!$C:$C,'Forecast Summary'!I$18) -> 60 | ... M35: =SUMIFS('Trended Forecast Pipeline'!$F:$F,'Trended Forecast Pipeline'!$D:$D,'Forecast Summary'!$A35,'Trended Forecast Pipeline'!$C:$C,'Forecast Summary'!M$18) -> 104 | O35: =SUMIFS($B35:$M35,$B$2:$M$2,O$3) -> 652 | P35: =SUMIFS($B35:$M35,$B$2:$M$2,P$3) -> 554 | Q35: =SUMIFS($B35:$M35,$B$2:$M$2,Q$3) -> 197 | R35: =SUMIFS($B35:$M35,$B$2:$M$2,R$3) -> 267 | T35: =SUM(O35:R35) -> 1670
A36: Organic Search | B36: =SUMIFS('Trended Forecast Pipeline'!$F:$F,'Trended Forecast Pipeline'!$D:$D,'Forecast Summary'!$A36,'Trended Forecast Pipeline'!$C:$C,'Forecast Summary'!B$18) -> 154 | C36: =SUMIFS('Trended Forecast Pipeline'!$F:$F,'Trended Forecast Pipeline'!$D:$D,'Forecast Summary'!$A36,'Trended Forecast Pipeline'!$C:$C,'Forecast Summary'!C$18) -> 169 | D36: =SUMIFS('Trended Forecast Pipeline'!$F:$F,'Trended Forecast Pipeline'!$D:$D,'Forecast Summary'!$A36,'Trended Forecast Pipeline'!$C:$C,'Forecast Summary'!D$18) -> 185 | E36: =SUMIFS('Trended Forecast Pipeline'!$F:$F,'Trended Forecast Pipeline'!$D:$D,'Forecast Summary'!$A36,'Trended Forecast Pipeline'!$C:$C,'Forecast Summary'!E$18) -> 190 | F36: =SUMIFS('Trended Forecast Pipeline'!$F:$F,'Trended Forecast Pipeline'!$D:$D,'Forecast Summary'!$A36,'Trended Forecast Pipeline'!$C:$C,'Forecast Summary'!F$18) -> 203 | G36: =SUMIFS('Trended Forecast Pipeline'!$F:$F,'Trended Forecast Pipeline'!$D:$D,'Forecast Summary'!$A36,'Trended Forecast Pipeline'!$C:$C,'Forecast Summary'!G$18) -> 24 | H36: =SUMIFS('Trended Forecast Pipeline'!$F:$F,'Trended Forecast Pipeline'!$D:$D,'Forecast Summary'!$A36,'Trended Forecast Pipeline'!$C:$C,'Forecast Summary'!H$18) -> 22 | I36: =SUMIFS('Trended Forecast Pipeline'!$F:$F,'Trended Forecast Pipeline'!$D:$D,'Forecast Summary'!$A36,'Trended Forecast Pipeline'!$C:$C,'Forecast Summary'!I$18) -> 28 | ... M36: =SUMIFS('Trended Forecast Pipeline'!$F:$F,'Trended Forecast Pipeline'!$D:$D,'Forecast Summary'!$A36,'Trended Forecast Pipeline'!$C:$C,'Forecast Summary'!M$18) -> 42 | O36: =SUMIFS($B36:$M36,$B$2:$M$2,O$3) -> 508 | P36: =SUMIFS($B36:$M36,$B$2:$M$2,P$3) -> 417 | Q36: =SUMIFS($B36:$M36,$B$2:$M$2,Q$3) -> 77 | R36: =SUMIFS($B36:$M36,$B$2:$M$2,R$3) -> 112 | T36: =SUM(O36:R36) -> 1114
A37: Partner | B37: =SUMIFS('Trended Forecast Pipeline'!$F:$F,'Trended Forecast Pipeline'!$D:$D,'Forecast Summary'!$A37,'Trended Forecast Pipeline'!$C:$C,'Forecast Summary'!B$18) -> 84 | C37: =SUMIFS('Trended Forecast Pipeline'!$F:$F,'Trended Forecast Pipeline'!$D:$D,'Forecast Summary'!$A37,'Trended Forecast Pipeline'!$C:$C,'Forecast Summary'!C$18) -> 91 | D37: =SUMIFS('Trended Forecast Pipeline'!$F:$F,'Trended Forecast Pipeline'!$D:$D,'Forecast Summary'!$A37,'Trended Forecast Pipeline'!$C:$C,'Forecast Summary'!D$18) -> 102 | E37: =SUMIFS('Trended Forecast Pipeline'!$F:$F,'Trended Forecast Pipeline'!$D:$D,'Forecast Summary'!$A37,'Trended Forecast Pipeline'!$C:$C,'Forecast Summary'!E$18) -> 103 | F37: =SUMIFS('Trended Forecast Pipeline'!$F:$F,'Trended Forecast Pipeline'!$D:$D,'Forecast Summary'!$A37,'Trended Forecast Pipeline'!$C:$C,'Forecast Summary'!F$18) -> 106 | G37: =SUMIFS('Trended Forecast Pipeline'!$F:$F,'Trended Forecast Pipeline'!$D:$D,'Forecast Summary'!$A37,'Trended Forecast Pipeline'!$C:$C,'Forecast Summary'!G$18) -> 16 | H37: =SUMIFS('Trended Forecast Pipeline'!$F:$F,'Trended Forecast Pipeline'!$D:$D,'Forecast Summary'!$A37,'Trended Forecast Pipeline'!$C:$C,'Forecast Summary'!H$18) -> 19 | I37: =SUMIFS('Trended Forecast Pipeline'!$F:$F,'Trended Forecast Pipeline'!$D:$D,'Forecast Summary'!$A37,'Trended Forecast Pipeline'!$C:$C,'Forecast Summary'!I$18) -> 20 | ... M37: =SUMIFS('Trended Forecast Pipeline'!$F:$F,'Trended Forecast Pipeline'!$D:$D,'Forecast Summary'!$A37,'Trended Forecast Pipeline'!$C:$C,'Forecast Summary'!M$18) -> 29 | O37: =SUMIFS($B37:$M37,$B$2:$M$2,O$3) -> 277 | P37: =SUMIFS($B37:$M37,$B$2:$M$2,P$3) -> 225 | Q37: =SUMIFS($B37:$M37,$B$2:$M$2,Q$3) -> 67 | R37: =SUMIFS($B37:$M37,$B$2:$M$2,R$3) -> 91 | T37: =SUM(O37:R37) -> 660
A38: Webinar | B38: =SUMIFS('Trended Forecast Pipeline'!$F:$F,'Trended Forecast Pipeline'!$D:$D,'Forecast Summary'!$A38,'Trended Forecast Pipeline'!$C:$C,'Forecast Summary'!B$18) -> 111 | C38: =SUMIFS('Trended Forecast Pipeline'!$F:$F,'Trended Forecast Pipeline'!$D:$D,'Forecast Summary'!$A38,'Trended Forecast Pipeline'!$C:$C,'Forecast Summary'!C$18) -> 113 | D38: =SUMIFS('Trended Forecast Pipeline'!$F:$F,'Trended Forecast Pipeline'!$D:$D,'Forecast Summary'!$A38,'Trended Forecast Pipeline'!$C:$C,'Forecast Summary'!D$18) -> 132 | E38: =SUMIFS('Trended Forecast Pipeline'!$F:$F,'Trended Forecast Pipeline'!$D:$D,'Forecast Summary'!$A38,'Trended Forecast Pipeline'!$C:$C,'Forecast Summary'!E$18) -> 138 | F38: =SUMIFS('Trended Forecast Pipeline'!$F:$F,'Trended Forecast Pipeline'!$D:$D,'Forecast Summary'!$A38,'Trended Forecast Pipeline'!$C:$C,'Forecast Summary'!F$18) -> 134 | G38: =SUMIFS('Trended Forecast Pipeline'!$F:$F,'Trended Forecast Pipeline'!$D:$D,'Forecast Summary'!$A38,'Trended Forecast Pipeline'!$C:$C,'Forecast Summary'!G$18) -> 27 | H38: =SUMIFS('Trended Forecast Pipeline'!$F:$F,'Trended Forecast Pipeline'!$D:$D,'Forecast Summary'!$A38,'Trended Forecast Pipeline'!$C:$C,'Forecast Summary'!H$18) -> 28 | I38: =SUMIFS('Trended Forecast Pipeline'!$F:$F,'Trended Forecast Pipeline'!$D:$D,'Forecast Summary'!$A38,'Trended Forecast Pipeline'!$C:$C,'Forecast Summary'!I$18) -> 34 | ... M38: =SUMIFS('Trended Forecast Pipeline'!$F:$F,'Trended Forecast Pipeline'!$D:$D,'Forecast Summary'!$A38,'Trended Forecast Pipeline'!$C:$C,'Forecast Summary'!M$18) -> 51 | O38: =SUMIFS($B38:$M38,$B$2:$M$2,O$3) -> 356 | P38: =SUMIFS($B38:$M38,$B$2:$M$2,P$3) -> 299 | Q38: =SUMIFS($B38:$M38,$B$2:$M$2,Q$3) -> 100 | R38: =SUMIFS($B38:$M38,$B$2:$M$2,R$3) -> 143 | T38: =SUM(O38:R38) -> 898
A39: Field Event | B39: =SUMIFS('Trended Forecast Pipeline'!$F:$F,'Trended Forecast Pipeline'!$D:$D,'Forecast Summary'!$A39,'Trended Forecast Pipeline'!$C:$C,'Forecast Summary'!B$18) -> 68 | C39: =SUMIFS('Trended Forecast Pipeline'!$F:$F,'Trended Forecast Pipeline'!$D:$D,'Forecast Summary'!$A39,'Trended Forecast Pipeline'!$C:$C,'Forecast Summary'!C$18) -> 68 | D39: =SUMIFS('Trended Forecast Pipeline'!$F:$F,'Trended Forecast Pipeline'!$D:$D,'Forecast Summary'!$A39,'Trended Forecast Pipeline'!$C:$C,'Forecast Summary'!D$18) -> 72 | E39: =SUMIFS('Trended Forecast Pipeline'!$F:$F,'Trended Forecast Pipeline'!$D:$D,'Forecast Summary'!$A39,'Trended Forecast Pipeline'!$C:$C,'Forecast Summary'!E$18) -> 69 | F39: =SUMIFS('Trended Forecast Pipeline'!$F:$F,'Trended Forecast Pipeline'!$D:$D,'Forecast Summary'!$A39,'Trended Forecast Pipeline'!$C:$C,'Forecast Summary'!F$18) -> 72 | G39: =SUMIFS('Trended Forecast Pipeline'!$F:$F,'Trended Forecast Pipeline'!$D:$D,'Forecast Summary'!$A39,'Trended Forecast Pipeline'!$C:$C,'Forecast Summary'!G$18) -> 11 | H39: =SUMIFS('Trended Forecast Pipeline'!$F:$F,'Trended Forecast Pipeline'!$D:$D,'Forecast Summary'!$A39,'Trended Forecast Pipeline'!$C:$C,'Forecast Summary'!H$18) -> 16 | I39: =SUMIFS('Trended Forecast Pipeline'!$F:$F,'Trended Forecast Pipeline'!$D:$D,'Forecast Summary'!$A39,'Trended Forecast Pipeline'!$C:$C,'Forecast Summary'!I$18) -> 15 | ... M39: =SUMIFS('Trended Forecast Pipeline'!$F:$F,'Trended Forecast Pipeline'!$D:$D,'Forecast Summary'!$A39,'Trended Forecast Pipeline'!$C:$C,'Forecast Summary'!M$18) -> 28 | O39: =SUMIFS($B39:$M39,$B$2:$M$2,O$3) -> 208 | P39: =SUMIFS($B39:$M39,$B$2:$M$2,P$3) -> 152 | Q39: =SUMIFS($B39:$M39,$B$2:$M$2,Q$3) -> 48 | R39: =SUMIFS($B39:$M39,$B$2:$M$2,R$3) -> 70 | T39: =SUM(O39:R39) -> 478
A40: Referral | B40: =SUMIFS('Trended Forecast Pipeline'!$F:$F,'Trended Forecast Pipeline'!$D:$D,'Forecast Summary'!$A40,'Trended Forecast Pipeline'!$C:$C,'Forecast Summary'!B$18) -> 50 | C40: =SUMIFS('Trended Forecast Pipeline'!$F:$F,'Trended Forecast Pipeline'!$D:$D,'Forecast Summary'!$A40,'Trended Forecast Pipeline'!$C:$C,'Forecast Summary'!C$18) -> 54 | D40: =SUMIFS('Trended Forecast Pipeline'!$F:$F,'Trended Forecast Pipeline'!$D:$D,'Forecast Summary'!$A40,'Trended Forecast Pipeline'!$C:$C,'Forecast Summary'!D$18) -> 53 | E40: =SUMIFS('Trended Forecast Pipeline'!$F:$F,'Trended Forecast Pipeline'!$D:$D,'Forecast Summary'!$A40,'Trended Forecast Pipeline'!$C:$C,'Forecast Summary'!E$18) -> 59 | F40: =SUMIFS('Trended Forecast Pipeline'!$F:$F,'Trended Forecast Pipeline'!$D:$D,'Forecast Summary'!$A40,'Trended Forecast Pipeline'!$C:$C,'Forecast Summary'!F$18) -> 57 | G40: =SUMIFS('Trended Forecast Pipeline'!$F:$F,'Trended Forecast Pipeline'!$D:$D,'Forecast Summary'!$A40,'Trended Forecast Pipeline'!$C:$C,'Forecast Summary'!G$18) -> 5 | H40: =SUMIFS('Trended Forecast Pipeline'!$F:$F,'Trended Forecast Pipeline'!$D:$D,'Forecast Summary'!$A40,'Trended Forecast Pipeline'!$C:$C,'Forecast Summary'!H$18) -> 5 | I40: =SUMIFS('Trended Forecast Pipeline'!$F:$F,'Trended Forecast Pipeline'!$D:$D,'Forecast Summary'!$A40,'Trended Forecast Pipeline'!$C:$C,'Forecast Summary'!I$18) -> 5 | ... M40: =SUMIFS('Trended Forecast Pipeline'!$F:$F,'Trended Forecast Pipeline'!$D:$D,'Forecast Summary'!$A40,'Trended Forecast Pipeline'!$C:$C,'Forecast Summary'!M$18) -> 10 | O40: =SUMIFS($B40:$M40,$B$2:$M$2,O$3) -> 157 | P40: =SUMIFS($B40:$M40,$B$2:$M$2,P$3) -> 121 | Q40: =SUMIFS($B40:$M40,$B$2:$M$2,Q$3) -> 15 | R40: =SUMIFS($B40:$M40,$B$2:$M$2,R$3) -> 25 | T40: =SUM(O40:R40) -> 318
A41: Direct | B41: =SUMIFS('Trended Forecast Pipeline'!$F:$F,'Trended Forecast Pipeline'!$D:$D,'Forecast Summary'!$A41,'Trended Forecast Pipeline'!$C:$C,'Forecast Summary'!B$18) -> 84 | C41: =SUMIFS('Trended Forecast Pipeline'!$F:$F,'Trended Forecast Pipeline'!$D:$D,'Forecast Summary'!$A41,'Trended Forecast Pipeline'!$C:$C,'Forecast Summary'!C$18) -> 84 | D41: =SUMIFS('Trended Forecast Pipeline'!$F:$F,'Trended Forecast Pipeline'!$D:$D,'Forecast Summary'!$A41,'Trended Forecast Pipeline'!$C:$C,'Forecast Summary'!D$18) -> 95 | E41: =SUMIFS('Trended Forecast Pipeline'!$F:$F,'Trended Forecast Pipeline'!$D:$D,'Forecast Summary'!$A41,'Trended Forecast Pipeline'!$C:$C,'Forecast Summary'!E$18) -> 88 | F41: =SUMIFS('Trended Forecast Pipeline'!$F:$F,'Trended Forecast Pipeline'!$D:$D,'Forecast Summary'!$A41,'Trended Forecast Pipeline'!$C:$C,'Forecast Summary'!F$18) -> 95 | G41: =SUMIFS('Trended Forecast Pipeline'!$F:$F,'Trended Forecast Pipeline'!$D:$D,'Forecast Summary'!$A41,'Trended Forecast Pipeline'!$C:$C,'Forecast Summary'!G$18) -> 15 | H41: =SUMIFS('Trended Forecast Pipeline'!$F:$F,'Trended Forecast Pipeline'!$D:$D,'Forecast Summary'!$A41,'Trended Forecast Pipeline'!$C:$C,'Forecast Summary'!H$18) -> 14 | I41: =SUMIFS('Trended Forecast Pipeline'!$F:$F,'Trended Forecast Pipeline'!$D:$D,'Forecast Summary'!$A41,'Trended Forecast Pipeline'!$C:$C,'Forecast Summary'!I$18) -> 14 | ... M41: =SUMIFS('Trended Forecast Pipeline'!$F:$F,'Trended Forecast Pipeline'!$D:$D,'Forecast Summary'!$A41,'Trended Forecast Pipeline'!$C:$C,'Forecast Summary'!M$18) -> 25 | O41: =SUMIFS($B41:$M41,$B$2:$M$2,O$3) -> 263 | P41: =SUMIFS($B41:$M41,$B$2:$M$2,P$3) -> 198 | Q41: =SUMIFS($B41:$M41,$B$2:$M$2,Q$3) -> 47 | R41: =SUMIFS($B41:$M41,$B$2:$M$2,R$3) -> 79 | T41: =SUM(O41:R41) -> 587
A42: Content Syndication | B42: =SUMIFS('Trended Forecast Pipeline'!$F:$F,'Trended Forecast Pipeline'!$D:$D,'Forecast Summary'!$A42,'Trended Forecast Pipeline'!$C:$C,'Forecast Summary'!B$18) -> 126 | C42: =SUMIFS('Trended Forecast Pipeline'!$F:$F,'Trended Forecast Pipeline'!$D:$D,'Forecast Summary'!$A42,'Trended Forecast Pipeline'!$C:$C,'Forecast Summary'!C$18) -> 147 | D42: =SUMIFS('Trended Forecast Pipeline'!$F:$F,'Trended Forecast Pipeline'!$D:$D,'Forecast Summary'!$A42,'Trended Forecast Pipeline'!$C:$C,'Forecast Summary'!D$18) -> 144 | E42: =SUMIFS('Trended Forecast Pipeline'!$F:$F,'Trended Forecast Pipeline'!$D:$D,'Forecast Summary'!$A42,'Trended Forecast Pipeline'!$C:$C,'Forecast Summary'!E$18) -> 149 | F42: =SUMIFS('Trended Forecast Pipeline'!$F:$F,'Trended Forecast Pipeline'!$D:$D,'Forecast Summary'!$A42,'Trended Forecast Pipeline'!$C:$C,'Forecast Summary'!F$18) -> 153 | G42: =SUMIFS('Trended Forecast Pipeline'!$F:$F,'Trended Forecast Pipeline'!$D:$D,'Forecast Summary'!$A42,'Trended Forecast Pipeline'!$C:$C,'Forecast Summary'!G$18) -> 44 | H42: =SUMIFS('Trended Forecast Pipeline'!$F:$F,'Trended Forecast Pipeline'!$D:$D,'Forecast Summary'!$A42,'Trended Forecast Pipeline'!$C:$C,'Forecast Summary'!H$18) -> 42 | I42: =SUMIFS('Trended Forecast Pipeline'!$F:$F,'Trended Forecast Pipeline'!$D:$D,'Forecast Summary'!$A42,'Trended Forecast Pipeline'!$C:$C,'Forecast Summary'!I$18) -> 42 | ... M42: =SUMIFS('Trended Forecast Pipeline'!$F:$F,'Trended Forecast Pipeline'!$D:$D,'Forecast Summary'!$A42,'Trended Forecast Pipeline'!$C:$C,'Forecast Summary'!M$18) -> 76 | O42: =SUMIFS($B42:$M42,$B$2:$M$2,O$3) -> 417 | P42: =SUMIFS($B42:$M42,$B$2:$M$2,P$3) -> 346 | Q42: =SUMIFS($B42:$M42,$B$2:$M$2,Q$3) -> 142 | R42: =SUMIFS($B42:$M42,$B$2:$M$2,R$3) -> 200 | T42: =SUM(O42:R42) -> 1105
A43: Outbound | B43: =SUMIFS('Trended Forecast Pipeline'!$F:$F,'Trended Forecast Pipeline'!$D:$D,'Forecast Summary'!$A43,'Trended Forecast Pipeline'!$C:$C,'Forecast Summary'!B$18) -> 149 | C43: =SUMIFS('Trended Forecast Pipeline'!$F:$F,'Trended Forecast Pipeline'!$D:$D,'Forecast Summary'!$A43,'Trended Forecast Pipeline'!$C:$C,'Forecast Summary'!C$18) -> 166 | D43: =SUMIFS('Trended Forecast Pipeline'!$F:$F,'Trended Forecast Pipeline'!$D:$D,'Forecast Summary'!$A43,'Trended Forecast Pipeline'!$C:$C,'Forecast Summary'!D$18) -> 160 | E43: =SUMIFS('Trended Forecast Pipeline'!$F:$F,'Trended Forecast Pipeline'!$D:$D,'Forecast Summary'!$A43,'Trended Forecast Pipeline'!$C:$C,'Forecast Summary'!E$18) -> 166 | F43: =SUMIFS('Trended Forecast Pipeline'!$F:$F,'Trended Forecast Pipeline'!$D:$D,'Forecast Summary'!$A43,'Trended Forecast Pipeline'!$C:$C,'Forecast Summary'!F$18) -> 169 | G43: =SUMIFS('Trended Forecast Pipeline'!$F:$F,'Trended Forecast Pipeline'!$D:$D,'Forecast Summary'!$A43,'Trended Forecast Pipeline'!$C:$C,'Forecast Summary'!G$18) -> 21 | H43: =SUMIFS('Trended Forecast Pipeline'!$F:$F,'Trended Forecast Pipeline'!$D:$D,'Forecast Summary'!$A43,'Trended Forecast Pipeline'!$C:$C,'Forecast Summary'!H$18) -> 25 | I43: =SUMIFS('Trended Forecast Pipeline'!$F:$F,'Trended Forecast Pipeline'!$D:$D,'Forecast Summary'!$A43,'Trended Forecast Pipeline'!$C:$C,'Forecast Summary'!I$18) -> 22 | ... M43: =SUMIFS('Trended Forecast Pipeline'!$F:$F,'Trended Forecast Pipeline'!$D:$D,'Forecast Summary'!$A43,'Trended Forecast Pipeline'!$C:$C,'Forecast Summary'!M$18) -> 36 | O43: =SUMIFS($B43:$M43,$B$2:$M$2,O$3) -> 475 | P43: =SUMIFS($B43:$M43,$B$2:$M$2,P$3) -> 356 | Q43: =SUMIFS($B43:$M43,$B$2:$M$2,Q$3) -> 71 | R43: =SUMIFS($B43:$M43,$B$2:$M$2,R$3) -> 95 | T43: =SUM(O43:R43) -> 997
A44: Customer Success | B44: =SUMIFS('Trended Forecast Pipeline'!$F:$F,'Trended Forecast Pipeline'!$D:$D,'Forecast Summary'!$A44,'Trended Forecast Pipeline'!$C:$C,'Forecast Summary'!B$18) -> 42 | C44: =SUMIFS('Trended Forecast Pipeline'!$F:$F,'Trended Forecast Pipeline'!$D:$D,'Forecast Summary'!$A44,'Trended Forecast Pipeline'!$C:$C,'Forecast Summary'!C$18) -> 44 | D44: =SUMIFS('Trended Forecast Pipeline'!$F:$F,'Trended Forecast Pipeline'!$D:$D,'Forecast Summary'!$A44,'Trended Forecast Pipeline'!$C:$C,'Forecast Summary'!D$18) -> 46 | E44: =SUMIFS('Trended Forecast Pipeline'!$F:$F,'Trended Forecast Pipeline'!$D:$D,'Forecast Summary'!$A44,'Trended Forecast Pipeline'!$C:$C,'Forecast Summary'!E$18) -> 45 | F44: =SUMIFS('Trended Forecast Pipeline'!$F:$F,'Trended Forecast Pipeline'!$D:$D,'Forecast Summary'!$A44,'Trended Forecast Pipeline'!$C:$C,'Forecast Summary'!F$18) -> 51 | G44: =SUMIFS('Trended Forecast Pipeline'!$F:$F,'Trended Forecast Pipeline'!$D:$D,'Forecast Summary'!$A44,'Trended Forecast Pipeline'!$C:$C,'Forecast Summary'!G$18) -> 1 | H44: =SUMIFS('Trended Forecast Pipeline'!$F:$F,'Trended Forecast Pipeline'!$D:$D,'Forecast Summary'!$A44,'Trended Forecast Pipeline'!$C:$C,'Forecast Summary'!H$18) -> 1 | I44: =SUMIFS('Trended Forecast Pipeline'!$F:$F,'Trended Forecast Pipeline'!$D:$D,'Forecast Summary'!$A44,'Trended Forecast Pipeline'!$C:$C,'Forecast Summary'!I$18) -> 1 | ... M44: =SUMIFS('Trended Forecast Pipeline'!$F:$F,'Trended Forecast Pipeline'!$D:$D,'Forecast Summary'!$A44,'Trended Forecast Pipeline'!$C:$C,'Forecast Summary'!M$18) -> 1 | O44: =SUMIFS($B44:$M44,$B$2:$M$2,O$3) -> 132 | P44: =SUMIFS($B44:$M44,$B$2:$M$2,P$3) -> 97 | Q44: =SUMIFS($B44:$M44,$B$2:$M$2,Q$3) -> 3 | R44: =SUMIFS($B44:$M44,$B$2:$M$2,R$3) -> 3 | T44: =SUM(O44:R44) -> 235
A45: Total | B45: =SUM(B34:B44) -> 1274 | C45: =SUM(C34:C44) -> 1363 | D45: =SUM(D34:D44) -> 1446 | E45: =SUM(E34:E44) -> 1460 | F45: =SUM(F34:F44) -> 1540 | G45: =SUM(G34:G44) -> 275 | H45: =SUM(H34:H44) -> 293 | I45: =SUM(I34:I44) -> 307 | ... M45: =SUM(M34:M44) -> 508 | O45: =SUMIFS($B45:$M45,$B$2:$M$2,O$3) -> 4083 | P45: =SUMIFS($B45:$M45,$B$2:$M$2,P$3) -> 3275 | Q45: =SUMIFS($B45:$M45,$B$2:$M$2,Q$3) -> 968 | R45: =SUMIFS($B45:$M45,$B$2:$M$2,R$3) -> 1365 | T45: =SUM(O45:R45) -> 9691
A47: SAL | B47: Q1 | C47: Q1 | D47: Q1 | E47: Q2 | F47: Q2 | G47: Q2 | H47: Q3 | I47: Q3 | J47: Q3 | K47: Q4 | L47: Q4 | M47: Q4
A48: marketing_channel | B48: 2026-01 | C48: 2026-02 | D48: 2026-03 | E48: 2026-04 | F48: 2026-05 | G48: 2026-06 | H48: 2026-07 | I48: 2026-08 | J48: 2026-09 | K48: 2026-10 | L48: 2026-11 | M48: 2026-12 | O48: Q1 | P48: Q2 | Q48: Q3 | R48: Q4 | T48: FY26
A49: Paid Search | B49: =SUMIFS('Trended Forecast Pipeline'!$G:$G,'Trended Forecast Pipeline'!$D:$D,'Forecast Summary'!$A49,'Trended Forecast Pipeline'!$C:$C,'Forecast Summary'!B$18) -> 155 | C49: =SUMIFS('Trended Forecast Pipeline'!$G:$G,'Trended Forecast Pipeline'!$D:$D,'Forecast Summary'!$A49,'Trended Forecast Pipeline'!$C:$C,'Forecast Summary'!C$18) -> 177 | D49: =SUMIFS('Trended Forecast Pipeline'!$G:$G,'Trended Forecast Pipeline'!$D:$D,'Forecast Summary'!$A49,'Trended Forecast Pipeline'!$C:$C,'Forecast Summary'!D$18) -> 165 | E49: =SUMIFS('Trended Forecast Pipeline'!$G:$G,'Trended Forecast Pipeline'!$D:$D,'Forecast Summary'!$A49,'Trended Forecast Pipeline'!$C:$C,'Forecast Summary'!E$18) -> 154 | F49: =SUMIFS('Trended Forecast Pipeline'!$G:$G,'Trended Forecast Pipeline'!$D:$D,'Forecast Summary'!$A49,'Trended Forecast Pipeline'!$C:$C,'Forecast Summary'!F$18) -> 177 | G49: =SUMIFS('Trended Forecast Pipeline'!$G:$G,'Trended Forecast Pipeline'!$D:$D,'Forecast Summary'!$A49,'Trended Forecast Pipeline'!$C:$C,'Forecast Summary'!G$18) -> 42 | H49: =SUMIFS('Trended Forecast Pipeline'!$G:$G,'Trended Forecast Pipeline'!$D:$D,'Forecast Summary'!$A49,'Trended Forecast Pipeline'!$C:$C,'Forecast Summary'!H$18) -> 47 | I49: =SUMIFS('Trended Forecast Pipeline'!$G:$G,'Trended Forecast Pipeline'!$D:$D,'Forecast Summary'!$A49,'Trended Forecast Pipeline'!$C:$C,'Forecast Summary'!I$18) -> 51 | ... M49: =SUMIFS('Trended Forecast Pipeline'!$G:$G,'Trended Forecast Pipeline'!$D:$D,'Forecast Summary'!$A49,'Trended Forecast Pipeline'!$C:$C,'Forecast Summary'!M$18) -> 80 | O49: =SUMIFS($B49:$M49,$B$2:$M$2,O$3) -> 497 | P49: =SUMIFS($B49:$M49,$B$2:$M$2,P$3) -> 373 | Q49: =SUMIFS($B49:$M49,$B$2:$M$2,Q$3) -> 154 | R49: =SUMIFS($B49:$M49,$B$2:$M$2,R$3) -> 219 | T49: =SUM(O49:R49) -> 1243
A50: Paid Social | B50: =SUMIFS('Trended Forecast Pipeline'!$G:$G,'Trended Forecast Pipeline'!$D:$D,'Forecast Summary'!$A50,'Trended Forecast Pipeline'!$C:$C,'Forecast Summary'!B$18) -> 164 | C50: =SUMIFS('Trended Forecast Pipeline'!$G:$G,'Trended Forecast Pipeline'!$D:$D,'Forecast Summary'!$A50,'Trended Forecast Pipeline'!$C:$C,'Forecast Summary'!C$18) -> 183 | D50: =SUMIFS('Trended Forecast Pipeline'!$G:$G,'Trended Forecast Pipeline'!$D:$D,'Forecast Summary'!$A50,'Trended Forecast Pipeline'!$C:$C,'Forecast Summary'!D$18) -> 193 | E50: =SUMIFS('Trended Forecast Pipeline'!$G:$G,'Trended Forecast Pipeline'!$D:$D,'Forecast Summary'!$A50,'Trended Forecast Pipeline'!$C:$C,'Forecast Summary'!E$18) -> 201 | F50: =SUMIFS('Trended Forecast Pipeline'!$G:$G,'Trended Forecast Pipeline'!$D:$D,'Forecast Summary'!$A50,'Trended Forecast Pipeline'!$C:$C,'Forecast Summary'!F$18) -> 227 | G50: =SUMIFS('Trended Forecast Pipeline'!$G:$G,'Trended Forecast Pipeline'!$D:$D,'Forecast Summary'!$A50,'Trended Forecast Pipeline'!$C:$C,'Forecast Summary'!G$18) -> 45 | H50: =SUMIFS('Trended Forecast Pipeline'!$G:$G,'Trended Forecast Pipeline'!$D:$D,'Forecast Summary'!$A50,'Trended Forecast Pipeline'!$C:$C,'Forecast Summary'!H$18) -> 46 | I50: =SUMIFS('Trended Forecast Pipeline'!$G:$G,'Trended Forecast Pipeline'!$D:$D,'Forecast Summary'!$A50,'Trended Forecast Pipeline'!$C:$C,'Forecast Summary'!I$18) -> 44 | ... M50: =SUMIFS('Trended Forecast Pipeline'!$G:$G,'Trended Forecast Pipeline'!$D:$D,'Forecast Summary'!$A50,'Trended Forecast Pipeline'!$C:$C,'Forecast Summary'!M$18) -> 85 | O50: =SUMIFS($B50:$M50,$B$2:$M$2,O$3) -> 540 | P50: =SUMIFS($B50:$M50,$B$2:$M$2,P$3) -> 473 | Q50: =SUMIFS($B50:$M50,$B$2:$M$2,Q$3) -> 145 | R50: =SUMIFS($B50:$M50,$B$2:$M$2,R$3) -> 209 | T50: =SUM(O50:R50) -> 1367
A51: Organic Search | B51: =SUMIFS('Trended Forecast Pipeline'!$G:$G,'Trended Forecast Pipeline'!$D:$D,'Forecast Summary'!$A51,'Trended Forecast Pipeline'!$C:$C,'Forecast Summary'!B$18) -> 117 | C51: =SUMIFS('Trended Forecast Pipeline'!$G:$G,'Trended Forecast Pipeline'!$D:$D,'Forecast Summary'!$A51,'Trended Forecast Pipeline'!$C:$C,'Forecast Summary'!C$18) -> 135 | D51: =SUMIFS('Trended Forecast Pipeline'!$G:$G,'Trended Forecast Pipeline'!$D:$D,'Forecast Summary'!$A51,'Trended Forecast Pipeline'!$C:$C,'Forecast Summary'!D$18) -> 138 | E51: =SUMIFS('Trended Forecast Pipeline'!$G:$G,'Trended Forecast Pipeline'!$D:$D,'Forecast Summary'!$A51,'Trended Forecast Pipeline'!$C:$C,'Forecast Summary'!E$18) -> 160 | F51: =SUMIFS('Trended Forecast Pipeline'!$G:$G,'Trended Forecast Pipeline'!$D:$D,'Forecast Summary'!$A51,'Trended Forecast Pipeline'!$C:$C,'Forecast Summary'!F$18) -> 157 | G51: =SUMIFS('Trended Forecast Pipeline'!$G:$G,'Trended Forecast Pipeline'!$D:$D,'Forecast Summary'!$A51,'Trended Forecast Pipeline'!$C:$C,'Forecast Summary'!G$18) -> 19 | H51: =SUMIFS('Trended Forecast Pipeline'!$G:$G,'Trended Forecast Pipeline'!$D:$D,'Forecast Summary'!$A51,'Trended Forecast Pipeline'!$C:$C,'Forecast Summary'!H$18) -> 16 | I51: =SUMIFS('Trended Forecast Pipeline'!$G:$G,'Trended Forecast Pipeline'!$D:$D,'Forecast Summary'!$A51,'Trended Forecast Pipeline'!$C:$C,'Forecast Summary'!I$18) -> 21 | ... M51: =SUMIFS('Trended Forecast Pipeline'!$G:$G,'Trended Forecast Pipeline'!$D:$D,'Forecast Summary'!$A51,'Trended Forecast Pipeline'!$C:$C,'Forecast Summary'!M$18) -> 30 | O51: =SUMIFS($B51:$M51,$B$2:$M$2,O$3) -> 390 | P51: =SUMIFS($B51:$M51,$B$2:$M$2,P$3) -> 336 | Q51: =SUMIFS($B51:$M51,$B$2:$M$2,Q$3) -> 57 | R51: =SUMIFS($B51:$M51,$B$2:$M$2,R$3) -> 88 | T51: =SUM(O51:R51) -> 871
A52: Partner | B52: =SUMIFS('Trended Forecast Pipeline'!$G:$G,'Trended Forecast Pipeline'!$D:$D,'Forecast Summary'!$A52,'Trended Forecast Pipeline'!$C:$C,'Forecast Summary'!B$18) -> 66 | C52: =SUMIFS('Trended Forecast Pipeline'!$G:$G,'Trended Forecast Pipeline'!$D:$D,'Forecast Summary'!$A52,'Trended Forecast Pipeline'!$C:$C,'Forecast Summary'!C$18) -> 74 | D52: =SUMIFS('Trended Forecast Pipeline'!$G:$G,'Trended Forecast Pipeline'!$D:$D,'Forecast Summary'!$A52,'Trended Forecast Pipeline'!$C:$C,'Forecast Summary'!D$18) -> 85 | E52: =SUMIFS('Trended Forecast Pipeline'!$G:$G,'Trended Forecast Pipeline'!$D:$D,'Forecast Summary'!$A52,'Trended Forecast Pipeline'!$C:$C,'Forecast Summary'!E$18) -> 78 | F52: =SUMIFS('Trended Forecast Pipeline'!$G:$G,'Trended Forecast Pipeline'!$D:$D,'Forecast Summary'!$A52,'Trended Forecast Pipeline'!$C:$C,'Forecast Summary'!F$18) -> 80 | G52: =SUMIFS('Trended Forecast Pipeline'!$G:$G,'Trended Forecast Pipeline'!$D:$D,'Forecast Summary'!$A52,'Trended Forecast Pipeline'!$C:$C,'Forecast Summary'!G$18) -> 11 | H52: =SUMIFS('Trended Forecast Pipeline'!$G:$G,'Trended Forecast Pipeline'!$D:$D,'Forecast Summary'!$A52,'Trended Forecast Pipeline'!$C:$C,'Forecast Summary'!H$18) -> 16 | I52: =SUMIFS('Trended Forecast Pipeline'!$G:$G,'Trended Forecast Pipeline'!$D:$D,'Forecast Summary'!$A52,'Trended Forecast Pipeline'!$C:$C,'Forecast Summary'!I$18) -> 15 | ... M52: =SUMIFS('Trended Forecast Pipeline'!$G:$G,'Trended Forecast Pipeline'!$D:$D,'Forecast Summary'!$A52,'Trended Forecast Pipeline'!$C:$C,'Forecast Summary'!M$18) -> 22 | O52: =SUMIFS($B52:$M52,$B$2:$M$2,O$3) -> 225 | P52: =SUMIFS($B52:$M52,$B$2:$M$2,P$3) -> 169 | Q52: =SUMIFS($B52:$M52,$B$2:$M$2,Q$3) -> 51 | R52: =SUMIFS($B52:$M52,$B$2:$M$2,R$3) -> 69 | T52: =SUM(O52:R52) -> 514
A53: Webinar | B53: =SUMIFS('Trended Forecast Pipeline'!$G:$G,'Trended Forecast Pipeline'!$D:$D,'Forecast Summary'!$A53,'Trended Forecast Pipeline'!$C:$C,'Forecast Summary'!B$18) -> 95 | C53: =SUMIFS('Trended Forecast Pipeline'!$G:$G,'Trended Forecast Pipeline'!$D:$D,'Forecast Summary'!$A53,'Trended Forecast Pipeline'!$C:$C,'Forecast Summary'!C$18) -> 89 | D53: =SUMIFS('Trended Forecast Pipeline'!$G:$G,'Trended Forecast Pipeline'!$D:$D,'Forecast Summary'!$A53,'Trended Forecast Pipeline'!$C:$C,'Forecast Summary'!D$18) -> 104 | E53: =SUMIFS('Trended Forecast Pipeline'!$G:$G,'Trended Forecast Pipeline'!$D:$D,'Forecast Summary'!$A53,'Trended Forecast Pipeline'!$C:$C,'Forecast Summary'!E$18) -> 114 | F53: =SUMIFS('Trended Forecast Pipeline'!$G:$G,'Trended Forecast Pipeline'!$D:$D,'Forecast Summary'!$A53,'Trended Forecast Pipeline'!$C:$C,'Forecast Summary'!F$18) -> 116 | G53: =SUMIFS('Trended Forecast Pipeline'!$G:$G,'Trended Forecast Pipeline'!$D:$D,'Forecast Summary'!$A53,'Trended Forecast Pipeline'!$C:$C,'Forecast Summary'!G$18) -> 22 | H53: =SUMIFS('Trended Forecast Pipeline'!$G:$G,'Trended Forecast Pipeline'!$D:$D,'Forecast Summary'!$A53,'Trended Forecast Pipeline'!$C:$C,'Forecast Summary'!H$18) -> 20 | I53: =SUMIFS('Trended Forecast Pipeline'!$G:$G,'Trended Forecast Pipeline'!$D:$D,'Forecast Summary'!$A53,'Trended Forecast Pipeline'!$C:$C,'Forecast Summary'!I$18) -> 24 | ... M53: =SUMIFS('Trended Forecast Pipeline'!$G:$G,'Trended Forecast Pipeline'!$D:$D,'Forecast Summary'!$A53,'Trended Forecast Pipeline'!$C:$C,'Forecast Summary'!M$18) -> 40 | O53: =SUMIFS($B53:$M53,$B$2:$M$2,O$3) -> 288 | P53: =SUMIFS($B53:$M53,$B$2:$M$2,P$3) -> 252 | Q53: =SUMIFS($B53:$M53,$B$2:$M$2,Q$3) -> 75 | R53: =SUMIFS($B53:$M53,$B$2:$M$2,R$3) -> 111 | T53: =SUM(O53:R53) -> 726
A54: Field Event | B54: =SUMIFS('Trended Forecast Pipeline'!$G:$G,'Trended Forecast Pipeline'!$D:$D,'Forecast Summary'!$A54,'Trended Forecast Pipeline'!$C:$C,'Forecast Summary'!B$18) -> 52 | C54: =SUMIFS('Trended Forecast Pipeline'!$G:$G,'Trended Forecast Pipeline'!$D:$D,'Forecast Summary'!$A54,'Trended Forecast Pipeline'!$C:$C,'Forecast Summary'!C$18) -> 59 | D54: =SUMIFS('Trended Forecast Pipeline'!$G:$G,'Trended Forecast Pipeline'!$D:$D,'Forecast Summary'!$A54,'Trended Forecast Pipeline'!$C:$C,'Forecast Summary'!D$18) -> 58 | E54: =SUMIFS('Trended Forecast Pipeline'!$G:$G,'Trended Forecast Pipeline'!$D:$D,'Forecast Summary'!$A54,'Trended Forecast Pipeline'!$C:$C,'Forecast Summary'!E$18) -> 53 | F54: =SUMIFS('Trended Forecast Pipeline'!$G:$G,'Trended Forecast Pipeline'!$D:$D,'Forecast Summary'!$A54,'Trended Forecast Pipeline'!$C:$C,'Forecast Summary'!F$18) -> 56 | G54: =SUMIFS('Trended Forecast Pipeline'!$G:$G,'Trended Forecast Pipeline'!$D:$D,'Forecast Summary'!$A54,'Trended Forecast Pipeline'!$C:$C,'Forecast Summary'!G$18) -> 8 | H54: =SUMIFS('Trended Forecast Pipeline'!$G:$G,'Trended Forecast Pipeline'!$D:$D,'Forecast Summary'!$A54,'Trended Forecast Pipeline'!$C:$C,'Forecast Summary'!H$18) -> 11 | I54: =SUMIFS('Trended Forecast Pipeline'!$G:$G,'Trended Forecast Pipeline'!$D:$D,'Forecast Summary'!$A54,'Trended Forecast Pipeline'!$C:$C,'Forecast Summary'!I$18) -> 12 | ... M54: =SUMIFS('Trended Forecast Pipeline'!$G:$G,'Trended Forecast Pipeline'!$D:$D,'Forecast Summary'!$A54,'Trended Forecast Pipeline'!$C:$C,'Forecast Summary'!M$18) -> 22 | O54: =SUMIFS($B54:$M54,$B$2:$M$2,O$3) -> 169 | P54: =SUMIFS($B54:$M54,$B$2:$M$2,P$3) -> 117 | Q54: =SUMIFS($B54:$M54,$B$2:$M$2,Q$3) -> 35 | R54: =SUMIFS($B54:$M54,$B$2:$M$2,R$3) -> 55 | T54: =SUM(O54:R54) -> 376
A55: Referral | B55: =SUMIFS('Trended Forecast Pipeline'!$G:$G,'Trended Forecast Pipeline'!$D:$D,'Forecast Summary'!$A55,'Trended Forecast Pipeline'!$C:$C,'Forecast Summary'!B$18) -> 42 | C55: =SUMIFS('Trended Forecast Pipeline'!$G:$G,'Trended Forecast Pipeline'!$D:$D,'Forecast Summary'!$A55,'Trended Forecast Pipeline'!$C:$C,'Forecast Summary'!C$18) -> 40 | D55: =SUMIFS('Trended Forecast Pipeline'!$G:$G,'Trended Forecast Pipeline'!$D:$D,'Forecast Summary'!$A55,'Trended Forecast Pipeline'!$C:$C,'Forecast Summary'!D$18) -> 40 | E55: =SUMIFS('Trended Forecast Pipeline'!$G:$G,'Trended Forecast Pipeline'!$D:$D,'Forecast Summary'!$A55,'Trended Forecast Pipeline'!$C:$C,'Forecast Summary'!E$18) -> 46 | F55: =SUMIFS('Trended Forecast Pipeline'!$G:$G,'Trended Forecast Pipeline'!$D:$D,'Forecast Summary'!$A55,'Trended Forecast Pipeline'!$C:$C,'Forecast Summary'!F$18) -> 43 | G55: =SUMIFS('Trended Forecast Pipeline'!$G:$G,'Trended Forecast Pipeline'!$D:$D,'Forecast Summary'!$A55,'Trended Forecast Pipeline'!$C:$C,'Forecast Summary'!G$18) -> 4 | H55: =SUMIFS('Trended Forecast Pipeline'!$G:$G,'Trended Forecast Pipeline'!$D:$D,'Forecast Summary'!$A55,'Trended Forecast Pipeline'!$C:$C,'Forecast Summary'!H$18) -> 3 | I55: =SUMIFS('Trended Forecast Pipeline'!$G:$G,'Trended Forecast Pipeline'!$D:$D,'Forecast Summary'!$A55,'Trended Forecast Pipeline'!$C:$C,'Forecast Summary'!I$18) -> 3 | ... M55: =SUMIFS('Trended Forecast Pipeline'!$G:$G,'Trended Forecast Pipeline'!$D:$D,'Forecast Summary'!$A55,'Trended Forecast Pipeline'!$C:$C,'Forecast Summary'!M$18) -> 6 | O55: =SUMIFS($B55:$M55,$B$2:$M$2,O$3) -> 122 | P55: =SUMIFS($B55:$M55,$B$2:$M$2,P$3) -> 93 | Q55: =SUMIFS($B55:$M55,$B$2:$M$2,Q$3) -> 10 | R55: =SUMIFS($B55:$M55,$B$2:$M$2,R$3) -> 15 | T55: =SUM(O55:R55) -> 240
A56: Direct | B56: =SUMIFS('Trended Forecast Pipeline'!$G:$G,'Trended Forecast Pipeline'!$D:$D,'Forecast Summary'!$A56,'Trended Forecast Pipeline'!$C:$C,'Forecast Summary'!B$18) -> 72 | C56: =SUMIFS('Trended Forecast Pipeline'!$G:$G,'Trended Forecast Pipeline'!$D:$D,'Forecast Summary'!$A56,'Trended Forecast Pipeline'!$C:$C,'Forecast Summary'!C$18) -> 65 | D56: =SUMIFS('Trended Forecast Pipeline'!$G:$G,'Trended Forecast Pipeline'!$D:$D,'Forecast Summary'!$A56,'Trended Forecast Pipeline'!$C:$C,'Forecast Summary'!D$18) -> 75 | E56: =SUMIFS('Trended Forecast Pipeline'!$G:$G,'Trended Forecast Pipeline'!$D:$D,'Forecast Summary'!$A56,'Trended Forecast Pipeline'!$C:$C,'Forecast Summary'!E$18) -> 72 | F56: =SUMIFS('Trended Forecast Pipeline'!$G:$G,'Trended Forecast Pipeline'!$D:$D,'Forecast Summary'!$A56,'Trended Forecast Pipeline'!$C:$C,'Forecast Summary'!F$18) -> 78 | G56: =SUMIFS('Trended Forecast Pipeline'!$G:$G,'Trended Forecast Pipeline'!$D:$D,'Forecast Summary'!$A56,'Trended Forecast Pipeline'!$C:$C,'Forecast Summary'!G$18) -> 12 | H56: =SUMIFS('Trended Forecast Pipeline'!$G:$G,'Trended Forecast Pipeline'!$D:$D,'Forecast Summary'!$A56,'Trended Forecast Pipeline'!$C:$C,'Forecast Summary'!H$18) -> 10 | I56: =SUMIFS('Trended Forecast Pipeline'!$G:$G,'Trended Forecast Pipeline'!$D:$D,'Forecast Summary'!$A56,'Trended Forecast Pipeline'!$C:$C,'Forecast Summary'!I$18) -> 10 | ... M56: =SUMIFS('Trended Forecast Pipeline'!$G:$G,'Trended Forecast Pipeline'!$D:$D,'Forecast Summary'!$A56,'Trended Forecast Pipeline'!$C:$C,'Forecast Summary'!M$18) -> 18 | O56: =SUMIFS($B56:$M56,$B$2:$M$2,O$3) -> 212 | P56: =SUMIFS($B56:$M56,$B$2:$M$2,P$3) -> 162 | Q56: =SUMIFS($B56:$M56,$B$2:$M$2,Q$3) -> 36 | R56: =SUMIFS($B56:$M56,$B$2:$M$2,R$3) -> 59 | T56: =SUM(O56:R56) -> 469
A57: Content Syndication | B57: =SUMIFS('Trended Forecast Pipeline'!$G:$G,'Trended Forecast Pipeline'!$D:$D,'Forecast Summary'!$A57,'Trended Forecast Pipeline'!$C:$C,'Forecast Summary'!B$18) -> 91 | C57: =SUMIFS('Trended Forecast Pipeline'!$G:$G,'Trended Forecast Pipeline'!$D:$D,'Forecast Summary'!$A57,'Trended Forecast Pipeline'!$C:$C,'Forecast Summary'!C$18) -> 117 | D57: =SUMIFS('Trended Forecast Pipeline'!$G:$G,'Trended Forecast Pipeline'!$D:$D,'Forecast Summary'!$A57,'Trended Forecast Pipeline'!$C:$C,'Forecast Summary'!D$18) -> 124 | E57: =SUMIFS('Trended Forecast Pipeline'!$G:$G,'Trended Forecast Pipeline'!$D:$D,'Forecast Summary'!$A57,'Trended Forecast Pipeline'!$C:$C,'Forecast Summary'!E$18) -> 122 | F57: =SUMIFS('Trended Forecast Pipeline'!$G:$G,'Trended Forecast Pipeline'!$D:$D,'Forecast Summary'!$A57,'Trended Forecast Pipeline'!$C:$C,'Forecast Summary'!F$18) -> 118 | G57: =SUMIFS('Trended Forecast Pipeline'!$G:$G,'Trended Forecast Pipeline'!$D:$D,'Forecast Summary'!$A57,'Trended Forecast Pipeline'!$C:$C,'Forecast Summary'!G$18) -> 34 | H57: =SUMIFS('Trended Forecast Pipeline'!$G:$G,'Trended Forecast Pipeline'!$D:$D,'Forecast Summary'!$A57,'Trended Forecast Pipeline'!$C:$C,'Forecast Summary'!H$18) -> 33 | I57: =SUMIFS('Trended Forecast Pipeline'!$G:$G,'Trended Forecast Pipeline'!$D:$D,'Forecast Summary'!$A57,'Trended Forecast Pipeline'!$C:$C,'Forecast Summary'!I$18) -> 34 | ... M57: =SUMIFS('Trended Forecast Pipeline'!$G:$G,'Trended Forecast Pipeline'!$D:$D,'Forecast Summary'!$A57,'Trended Forecast Pipeline'!$C:$C,'Forecast Summary'!M$18) -> 61 | O57: =SUMIFS($B57:$M57,$B$2:$M$2,O$3) -> 332 | P57: =SUMIFS($B57:$M57,$B$2:$M$2,P$3) -> 274 | Q57: =SUMIFS($B57:$M57,$B$2:$M$2,Q$3) -> 113 | R57: =SUMIFS($B57:$M57,$B$2:$M$2,R$3) -> 163 | T57: =SUM(O57:R57) -> 882
A58: Outbound | B58: =SUMIFS('Trended Forecast Pipeline'!$G:$G,'Trended Forecast Pipeline'!$D:$D,'Forecast Summary'!$A58,'Trended Forecast Pipeline'!$C:$C,'Forecast Summary'!B$18) -> 117 | C58: =SUMIFS('Trended Forecast Pipeline'!$G:$G,'Trended Forecast Pipeline'!$D:$D,'Forecast Summary'!$A58,'Trended Forecast Pipeline'!$C:$C,'Forecast Summary'!C$18) -> 126 | D58: =SUMIFS('Trended Forecast Pipeline'!$G:$G,'Trended Forecast Pipeline'!$D:$D,'Forecast Summary'!$A58,'Trended Forecast Pipeline'!$C:$C,'Forecast Summary'!D$18) -> 140 | E58: =SUMIFS('Trended Forecast Pipeline'!$G:$G,'Trended Forecast Pipeline'!$D:$D,'Forecast Summary'!$A58,'Trended Forecast Pipeline'!$C:$C,'Forecast Summary'!E$18) -> 125 | F58: =SUMIFS('Trended Forecast Pipeline'!$G:$G,'Trended Forecast Pipeline'!$D:$D,'Forecast Summary'!$A58,'Trended Forecast Pipeline'!$C:$C,'Forecast Summary'!F$18) -> 129 | G58: =SUMIFS('Trended Forecast Pipeline'!$G:$G,'Trended Forecast Pipeline'!$D:$D,'Forecast Summary'!$A58,'Trended Forecast Pipeline'!$C:$C,'Forecast Summary'!G$18) -> 15 | H58: =SUMIFS('Trended Forecast Pipeline'!$G:$G,'Trended Forecast Pipeline'!$D:$D,'Forecast Summary'!$A58,'Trended Forecast Pipeline'!$C:$C,'Forecast Summary'!H$18) -> 17 | I58: =SUMIFS('Trended Forecast Pipeline'!$G:$G,'Trended Forecast Pipeline'!$D:$D,'Forecast Summary'!$A58,'Trended Forecast Pipeline'!$C:$C,'Forecast Summary'!I$18) -> 18 | ... M58: =SUMIFS('Trended Forecast Pipeline'!$G:$G,'Trended Forecast Pipeline'!$D:$D,'Forecast Summary'!$A58,'Trended Forecast Pipeline'!$C:$C,'Forecast Summary'!M$18) -> 26 | O58: =SUMIFS($B58:$M58,$B$2:$M$2,O$3) -> 383 | P58: =SUMIFS($B58:$M58,$B$2:$M$2,P$3) -> 269 | Q58: =SUMIFS($B58:$M58,$B$2:$M$2,Q$3) -> 53 | R58: =SUMIFS($B58:$M58,$B$2:$M$2,R$3) -> 72 | T58: =SUM(O58:R58) -> 777
A59: Customer Success | B59: =SUMIFS('Trended Forecast Pipeline'!$G:$G,'Trended Forecast Pipeline'!$D:$D,'Forecast Summary'!$A59,'Trended Forecast Pipeline'!$C:$C,'Forecast Summary'!B$18) -> 31 | C59: =SUMIFS('Trended Forecast Pipeline'!$G:$G,'Trended Forecast Pipeline'!$D:$D,'Forecast Summary'!$A59,'Trended Forecast Pipeline'!$C:$C,'Forecast Summary'!C$18) -> 37 | D59: =SUMIFS('Trended Forecast Pipeline'!$G:$G,'Trended Forecast Pipeline'!$D:$D,'Forecast Summary'!$A59,'Trended Forecast Pipeline'!$C:$C,'Forecast Summary'!D$18) -> 36 | E59: =SUMIFS('Trended Forecast Pipeline'!$G:$G,'Trended Forecast Pipeline'!$D:$D,'Forecast Summary'!$A59,'Trended Forecast Pipeline'!$C:$C,'Forecast Summary'!E$18) -> 32 | F59: =SUMIFS('Trended Forecast Pipeline'!$G:$G,'Trended Forecast Pipeline'!$D:$D,'Forecast Summary'!$A59,'Trended Forecast Pipeline'!$C:$C,'Forecast Summary'!F$18) -> 40 | G59: =SUMIFS('Trended Forecast Pipeline'!$G:$G,'Trended Forecast Pipeline'!$D:$D,'Forecast Summary'!$A59,'Trended Forecast Pipeline'!$C:$C,'Forecast Summary'!G$18) -> 0 | H59: =SUMIFS('Trended Forecast Pipeline'!$G:$G,'Trended Forecast Pipeline'!$D:$D,'Forecast Summary'!$A59,'Trended Forecast Pipeline'!$C:$C,'Forecast Summary'!H$18) -> 0 | I59: =SUMIFS('Trended Forecast Pipeline'!$G:$G,'Trended Forecast Pipeline'!$D:$D,'Forecast Summary'!$A59,'Trended Forecast Pipeline'!$C:$C,'Forecast Summary'!I$18) -> 0 | ... M59: =SUMIFS('Trended Forecast Pipeline'!$G:$G,'Trended Forecast Pipeline'!$D:$D,'Forecast Summary'!$A59,'Trended Forecast Pipeline'!$C:$C,'Forecast Summary'!M$18) -> 0 | O59: =SUMIFS($B59:$M59,$B$2:$M$2,O$3) -> 104 | P59: =SUMIFS($B59:$M59,$B$2:$M$2,P$3) -> 72 | Q59: =SUMIFS($B59:$M59,$B$2:$M$2,Q$3) -> 0 | R59: =SUMIFS($B59:$M59,$B$2:$M$2,R$3) -> 0 | T59: =SUM(O59:R59) -> 176
A60: Total | B60: =SUM(B49:B59) -> 1002 | C60: =SUM(C49:C59) -> 1102 | D60: =SUM(D49:D59) -> 1158 | E60: =SUM(E49:E59) -> 1157 | F60: =SUM(F49:F59) -> 1221 | G60: =SUM(G49:G59) -> 212 | H60: =SUM(H49:H59) -> 219 | I60: =SUM(I49:I59) -> 232 | ... M60: =SUM(M49:M59) -> 390 | O60: =SUMIFS($B60:$M60,$B$2:$M$2,O$3) -> 3262 | P60: =SUMIFS($B60:$M60,$B$2:$M$2,P$3) -> 2590 | Q60: =SUMIFS($B60:$M60,$B$2:$M$2,Q$3) -> 729 | R60: =SUMIFS($B60:$M60,$B$2:$M$2,R$3) -> 1060 | T60: =SUM(O60:R60) -> 7641
A62: Opportunities | B62: Q1 | C62: Q1 | D62: Q1 | E62: Q2 | F62: Q2 | G62: Q2 | H62: Q3 | I62: Q3 | J62: Q3 | K62: Q4 | L62: Q4 | M62: Q4
A63: marketing_channel | B63: 2026-01 | C63: 2026-02 | D63: 2026-03 | E63: 2026-04 | F63: 2026-05 | G63: 2026-06 | H63: 2026-07 | I63: 2026-08 | J63: 2026-09 | K63: 2026-10 | L63: 2026-11 | M63: 2026-12 | O63: Q1 | P63: Q2 | Q63: Q3 | R63: Q4 | T63: FY26
A64: Paid Search | B64: =SUMIFS('Trended Forecast Pipeline'!$H:$H,'Trended Forecast Pipeline'!$D:$D,'Forecast Summary'!$A64,'Trended Forecast Pipeline'!$C:$C,'Forecast Summary'!B$18) -> 77 | C64: =SUMIFS('Trended Forecast Pipeline'!$G:$G,'Trended Forecast Pipeline'!$D:$D,'Forecast Summary'!$A64,'Trended Forecast Pipeline'!$C:$C,'Forecast Summary'!C$18) -> 177 | D64: =SUMIFS('Trended Forecast Pipeline'!$G:$G,'Trended Forecast Pipeline'!$D:$D,'Forecast Summary'!$A64,'Trended Forecast Pipeline'!$C:$C,'Forecast Summary'!D$18) -> 165 | E64: =SUMIFS('Trended Forecast Pipeline'!$G:$G,'Trended Forecast Pipeline'!$D:$D,'Forecast Summary'!$A64,'Trended Forecast Pipeline'!$C:$C,'Forecast Summary'!E$18) -> 154 | F64: =SUMIFS('Trended Forecast Pipeline'!$G:$G,'Trended Forecast Pipeline'!$D:$D,'Forecast Summary'!$A64,'Trended Forecast Pipeline'!$C:$C,'Forecast Summary'!F$18) -> 177 | G64: =SUMIFS('Trended Forecast Pipeline'!$G:$G,'Trended Forecast Pipeline'!$D:$D,'Forecast Summary'!$A64,'Trended Forecast Pipeline'!$C:$C,'Forecast Summary'!G$18) -> 42 | H64: =SUMIFS('Trended Forecast Pipeline'!$G:$G,'Trended Forecast Pipeline'!$D:$D,'Forecast Summary'!$A64,'Trended Forecast Pipeline'!$C:$C,'Forecast Summary'!H$18) -> 47 | I64: =SUMIFS('Trended Forecast Pipeline'!$G:$G,'Trended Forecast Pipeline'!$D:$D,'Forecast Summary'!$A64,'Trended Forecast Pipeline'!$C:$C,'Forecast Summary'!I$18) -> 51 | J64: =SUMIFS('Trended Forecast Pipeline'!$G:$G,'Trended Forecast Pipeline'!$D:$D,'Forecast Summary'!$A64,'Trended Forecast Pipeline'!$C:$C,'Forecast Summary'!J$18) -> 56 | ... M64: =SUMIFS('Trended Forecast Pipeline'!$G:$G,'Trended Forecast Pipeline'!$D:$D,'Forecast Summary'!$A64,'Trended Forecast Pipeline'!$C:$C,'Forecast Summary'!M$18) -> 80 | O64: =SUMIFS($B64:$M64,$B$2:$M$2,O$3) -> 419 | P64: =SUMIFS($B64:$M64,$B$2:$M$2,P$3) -> 373 | Q64: =SUMIFS($B64:$M64,$B$2:$M$2,Q$3) -> 154 | R64: =SUMIFS($B64:$M64,$B$2:$M$2,R$3) -> 219 | T64: =SUM(O64:R64) -> 1165
A65: Paid Social | B65: =SUMIFS('Trended Forecast Pipeline'!$H:$H,'Trended Forecast Pipeline'!$D:$D,'Forecast Summary'!$A65,'Trended Forecast Pipeline'!$C:$C,'Forecast Summary'!B$18) -> 56 | C65: =SUMIFS('Trended Forecast Pipeline'!$G:$G,'Trended Forecast Pipeline'!$D:$D,'Forecast Summary'!$A65,'Trended Forecast Pipeline'!$C:$C,'Forecast Summary'!C$18) -> 183 | D65: =SUMIFS('Trended Forecast Pipeline'!$G:$G,'Trended Forecast Pipeline'!$D:$D,'Forecast Summary'!$A65,'Trended Forecast Pipeline'!$C:$C,'Forecast Summary'!D$18) -> 193 | E65: =SUMIFS('Trended Forecast Pipeline'!$G:$G,'Trended Forecast Pipeline'!$D:$D,'Forecast Summary'!$A65,'Trended Forecast Pipeline'!$C:$C,'Forecast Summary'!E$18) -> 201 | F65: =SUMIFS('Trended Forecast Pipeline'!$G:$G,'Trended Forecast Pipeline'!$D:$D,'Forecast Summary'!$A65,'Trended Forecast Pipeline'!$C:$C,'Forecast Summary'!F$18) -> 227 | G65: =SUMIFS('Trended Forecast Pipeline'!$G:$G,'Trended Forecast Pipeline'!$D:$D,'Forecast Summary'!$A65,'Trended Forecast Pipeline'!$C:$C,'Forecast Summary'!G$18) -> 45 | H65: =SUMIFS('Trended Forecast Pipeline'!$G:$G,'Trended Forecast Pipeline'!$D:$D,'Forecast Summary'!$A65,'Trended Forecast Pipeline'!$C:$C,'Forecast Summary'!H$18) -> 46 | I65: =SUMIFS('Trended Forecast Pipeline'!$G:$G,'Trended Forecast Pipeline'!$D:$D,'Forecast Summary'!$A65,'Trended Forecast Pipeline'!$C:$C,'Forecast Summary'!I$18) -> 44 | J65: =SUMIFS('Trended Forecast Pipeline'!$G:$G,'Trended Forecast Pipeline'!$D:$D,'Forecast Summary'!$A65,'Trended Forecast Pipeline'!$C:$C,'Forecast Summary'!J$18) -> 55 | ... M65: =SUMIFS('Trended Forecast Pipeline'!$G:$G,'Trended Forecast Pipeline'!$D:$D,'Forecast Summary'!$A65,'Trended Forecast Pipeline'!$C:$C,'Forecast Summary'!M$18) -> 85 | O65: =SUMIFS($B65:$M65,$B$2:$M$2,O$3) -> 432 | P65: =SUMIFS($B65:$M65,$B$2:$M$2,P$3) -> 473 | Q65: =SUMIFS($B65:$M65,$B$2:$M$2,Q$3) -> 145 | R65: =SUMIFS($B65:$M65,$B$2:$M$2,R$3) -> 209 | T65: =SUM(O65:R65) -> 1259
A66: Organic Search | B66: =SUMIFS('Trended Forecast Pipeline'!$H:$H,'Trended Forecast Pipeline'!$D:$D,'Forecast Summary'!$A66,'Trended Forecast Pipeline'!$C:$C,'Forecast Summary'!B$18) -> 52 | C66: =SUMIFS('Trended Forecast Pipeline'!$G:$G,'Trended Forecast Pipeline'!$D:$D,'Forecast Summary'!$A66,'Trended Forecast Pipeline'!$C:$C,'Forecast Summary'!C$18) -> 135 | D66: =SUMIFS('Trended Forecast Pipeline'!$G:$G,'Trended Forecast Pipeline'!$D:$D,'Forecast Summary'!$A66,'Trended Forecast Pipeline'!$C:$C,'Forecast Summary'!D$18) -> 138 | E66: =SUMIFS('Trended Forecast Pipeline'!$G:$G,'Trended Forecast Pipeline'!$D:$D,'Forecast Summary'!$A66,'Trended Forecast Pipeline'!$C:$C,'Forecast Summary'!E$18) -> 160 | F66: =SUMIFS('Trended Forecast Pipeline'!$G:$G,'Trended Forecast Pipeline'!$D:$D,'Forecast Summary'!$A66,'Trended Forecast Pipeline'!$C:$C,'Forecast Summary'!F$18) -> 157 | G66: =SUMIFS('Trended Forecast Pipeline'!$G:$G,'Trended Forecast Pipeline'!$D:$D,'Forecast Summary'!$A66,'Trended Forecast Pipeline'!$C:$C,'Forecast Summary'!G$18) -> 19 | H66: =SUMIFS('Trended Forecast Pipeline'!$G:$G,'Trended Forecast Pipeline'!$D:$D,'Forecast Summary'!$A66,'Trended Forecast Pipeline'!$C:$C,'Forecast Summary'!H$18) -> 16 | I66: =SUMIFS('Trended Forecast Pipeline'!$G:$G,'Trended Forecast Pipeline'!$D:$D,'Forecast Summary'!$A66,'Trended Forecast Pipeline'!$C:$C,'Forecast Summary'!I$18) -> 21 | J66: =SUMIFS('Trended Forecast Pipeline'!$G:$G,'Trended Forecast Pipeline'!$D:$D,'Forecast Summary'!$A66,'Trended Forecast Pipeline'!$C:$C,'Forecast Summary'!J$18) -> 20 | ... M66: =SUMIFS('Trended Forecast Pipeline'!$G:$G,'Trended Forecast Pipeline'!$D:$D,'Forecast Summary'!$A66,'Trended Forecast Pipeline'!$C:$C,'Forecast Summary'!M$18) -> 30 | O66: =SUMIFS($B66:$M66,$B$2:$M$2,O$3) -> 325 | P66: =SUMIFS($B66:$M66,$B$2:$M$2,P$3) -> 336 | Q66: =SUMIFS($B66:$M66,$B$2:$M$2,Q$3) -> 57 | R66: =SUMIFS($B66:$M66,$B$2:$M$2,R$3) -> 88 | T66: =SUM(O66:R66) -> 806
A67: Partner | B67: =SUMIFS('Trended Forecast Pipeline'!$H:$H,'Trended Forecast Pipeline'!$D:$D,'Forecast Summary'!$A67,'Trended Forecast Pipeline'!$C:$C,'Forecast Summary'!B$18) -> 37 | C67: =SUMIFS('Trended Forecast Pipeline'!$G:$G,'Trended Forecast Pipeline'!$D:$D,'Forecast Summary'!$A67,'Trended Forecast Pipeline'!$C:$C,'Forecast Summary'!C$18) -> 74 | D67: =SUMIFS('Trended Forecast Pipeline'!$G:$G,'Trended Forecast Pipeline'!$D:$D,'Forecast Summary'!$A67,'Trended Forecast Pipeline'!$C:$C,'Forecast Summary'!D$18) -> 85 | E67: =SUMIFS('Trended Forecast Pipeline'!$G:$G,'Trended Forecast Pipeline'!$D:$D,'Forecast Summary'!$A67,'Trended Forecast Pipeline'!$C:$C,'Forecast Summary'!E$18) -> 78 | F67: =SUMIFS('Trended Forecast Pipeline'!$G:$G,'Trended Forecast Pipeline'!$D:$D,'Forecast Summary'!$A67,'Trended Forecast Pipeline'!$C:$C,'Forecast Summary'!F$18) -> 80 | G67: =SUMIFS('Trended Forecast Pipeline'!$G:$G,'Trended Forecast Pipeline'!$D:$D,'Forecast Summary'!$A67,'Trended Forecast Pipeline'!$C:$C,'Forecast Summary'!G$18) -> 11 | H67: =SUMIFS('Trended Forecast Pipeline'!$G:$G,'Trended Forecast Pipeline'!$D:$D,'Forecast Summary'!$A67,'Trended Forecast Pipeline'!$C:$C,'Forecast Summary'!H$18) -> 16 | I67: =SUMIFS('Trended Forecast Pipeline'!$G:$G,'Trended Forecast Pipeline'!$D:$D,'Forecast Summary'!$A67,'Trended Forecast Pipeline'!$C:$C,'Forecast Summary'!I$18) -> 15 | J67: =SUMIFS('Trended Forecast Pipeline'!$G:$G,'Trended Forecast Pipeline'!$D:$D,'Forecast Summary'!$A67,'Trended Forecast Pipeline'!$C:$C,'Forecast Summary'!J$18) -> 20 | ... M67: =SUMIFS('Trended Forecast Pipeline'!$G:$G,'Trended Forecast Pipeline'!$D:$D,'Forecast Summary'!$A67,'Trended Forecast Pipeline'!$C:$C,'Forecast Summary'!M$18) -> 22 | O67: =SUMIFS($B67:$M67,$B$2:$M$2,O$3) -> 196 | P67: =SUMIFS($B67:$M67,$B$2:$M$2,P$3) -> 169 | Q67: =SUMIFS($B67:$M67,$B$2:$M$2,Q$3) -> 51 | R67: =SUMIFS($B67:$M67,$B$2:$M$2,R$3) -> 69 | T67: =SUM(O67:R67) -> 485
A68: Webinar | B68: =SUMIFS('Trended Forecast Pipeline'!$H:$H,'Trended Forecast Pipeline'!$D:$D,'Forecast Summary'!$A68,'Trended Forecast Pipeline'!$C:$C,'Forecast Summary'!B$18) -> 36 | C68: =SUMIFS('Trended Forecast Pipeline'!$G:$G,'Trended Forecast Pipeline'!$D:$D,'Forecast Summary'!$A68,'Trended Forecast Pipeline'!$C:$C,'Forecast Summary'!C$18) -> 89 | D68: =SUMIFS('Trended Forecast Pipeline'!$G:$G,'Trended Forecast Pipeline'!$D:$D,'Forecast Summary'!$A68,'Trended Forecast Pipeline'!$C:$C,'Forecast Summary'!D$18) -> 104 | E68: =SUMIFS('Trended Forecast Pipeline'!$G:$G,'Trended Forecast Pipeline'!$D:$D,'Forecast Summary'!$A68,'Trended Forecast Pipeline'!$C:$C,'Forecast Summary'!E$18) -> 114 | F68: =SUMIFS('Trended Forecast Pipeline'!$G:$G,'Trended Forecast Pipeline'!$D:$D,'Forecast Summary'!$A68,'Trended Forecast Pipeline'!$C:$C,'Forecast Summary'!F$18) -> 116 | G68: =SUMIFS('Trended Forecast Pipeline'!$G:$G,'Trended Forecast Pipeline'!$D:$D,'Forecast Summary'!$A68,'Trended Forecast Pipeline'!$C:$C,'Forecast Summary'!G$18) -> 22 | H68: =SUMIFS('Trended Forecast Pipeline'!$G:$G,'Trended Forecast Pipeline'!$D:$D,'Forecast Summary'!$A68,'Trended Forecast Pipeline'!$C:$C,'Forecast Summary'!H$18) -> 20 | I68: =SUMIFS('Trended Forecast Pipeline'!$G:$G,'Trended Forecast Pipeline'!$D:$D,'Forecast Summary'!$A68,'Trended Forecast Pipeline'!$C:$C,'Forecast Summary'!I$18) -> 24 | J68: =SUMIFS('Trended Forecast Pipeline'!$G:$G,'Trended Forecast Pipeline'!$D:$D,'Forecast Summary'!$A68,'Trended Forecast Pipeline'!$C:$C,'Forecast Summary'!J$18) -> 31 | ... M68: =SUMIFS('Trended Forecast Pipeline'!$G:$G,'Trended Forecast Pipeline'!$D:$D,'Forecast Summary'!$A68,'Trended Forecast Pipeline'!$C:$C,'Forecast Summary'!M$18) -> 40 | O68: =SUMIFS($B68:$M68,$B$2:$M$2,O$3) -> 229 | P68: =SUMIFS($B68:$M68,$B$2:$M$2,P$3) -> 252 | Q68: =SUMIFS($B68:$M68,$B$2:$M$2,Q$3) -> 75 | R68: =SUMIFS($B68:$M68,$B$2:$M$2,R$3) -> 111 | T68: =SUM(O68:R68) -> 667
